Setting,Scope,scoring_only_group,n_participants,n_events,sbp_mae,dbp_mae,mean_mae,delta_mean_mae_vs_frozen_lora,delta_sbp_mae_vs_frozen_lora,delta_dbp_mae_vs_frozen_lora,split_mode
fixed_blend,Overall,SBP_train_median_deviation_0-10,2051,50195,3.052516697022905,1.7630968091382984,2.4078067530806018,-0.1821500632435904,-0.223308663490902,-0.1409914629962794,random_disjoint
fixed_blend,MIMIC,SBP_train_median_deviation_0-10,1011,25757,3.3288370430394663,1.92649394283416,2.627665492936813,-0.1575420739126856,-0.1873170976163241,-0.1277670502090473,random_disjoint
fixed_blend,VitalDB,SBP_train_median_deviation_0-10,1040,24438,2.7839014375779594,1.6042559416704945,2.194078689624227,-0.2060718682566142,-0.2582966183939765,-0.153847118119252,random_disjoint
fixed_blend,Overall,SBP_train_median_deviation_10-20,2029,20839,3.831029830466691,2.076230519004755,2.953630174735723,-0.2488740672407381,-0.3266655954927651,-0.1710825389887116,random_disjoint
fixed_blend,MIMIC,SBP_train_median_deviation_10-20,991,9707,4.427557121612213,2.3264795762073343,3.3770183489097736,-0.2393736524394141,-0.3051129758379618,-0.1736343290408668,random_disjoint
fixed_blend,VitalDB,SBP_train_median_deviation_10-20,1038,11132,3.261512927263212,1.8373125848161664,2.549412756039689,-0.2579443091175322,-0.3472423258183039,-0.1686462924167602,random_disjoint
fixed_blend,Overall,SBP_train_median_deviation_>20,1744,11006,5.66612072221657,2.8533015359554,4.259711129085985,-0.3908822176848705,-0.5412555929066567,-0.2405088424630839,random_disjoint
fixed_blend,MIMIC,SBP_train_median_deviation_>20,805,4976,7.080927189027933,3.43176585968391,5.256346524355921,-0.458462992762616,-0.6376064832113677,-0.2793195023138639,random_disjoint
fixed_blend,VitalDB,SBP_train_median_deviation_>20,939,6030,4.453214219785105,2.357386966624781,3.405300593204943,-0.3329455574744484,-0.4586544569159274,-0.2072366580329694,random_disjoint
fixed_blend,Overall,DBP_train_median_deviation_0-10,2051,69707,3.236170563305705,1.7193558767661623,2.477763220035934,-0.197725788703921,-0.2659665805521158,-0.1294849968557259,random_disjoint
fixed_blend,MIMIC,DBP_train_median_deviation_0-10,1011,35229,3.593332229633211,1.8364693655269744,2.7149007975800927,-0.1677253421628708,-0.228643392006576,-0.1068072923191656,random_disjoint
fixed_blend,VitalDB,DBP_train_median_deviation_0-10,1040,34478,2.8889682126738703,1.6055080525957954,2.2472381326348327,-0.2268896843318075,-0.3022490263401365,-0.1515303423234788,random_disjoint
fixed_blend,Overall,DBP_train_median_deviation_10-20,1762,10460,4.732720871777651,2.982423912653323,3.857572392215487,-0.3531979598409416,-0.4242627932892802,-0.282133126392603,random_disjoint
fixed_blend,MIMIC,DBP_train_median_deviation_10-20,791,4282,5.834149512695609,3.7091758434850775,4.771662678090343,-0.4038448014366826,-0.4572425379324309,-0.3504470649409343,random_disjoint
fixed_blend,VitalDB,DBP_train_median_deviation_10-20,971,6178,3.8354705577033967,2.3903942758995465,3.112932416801472,-0.3119398221455416,-0.3973966985284805,-0.2264829457626018,random_disjoint
fixed_blend,Overall,DBP_train_median_deviation_>20,721,1873,7.901139593980054,7.28104636868415,7.591092981332101,-0.7918081309261176,-0.73210784747251,-0.8515084143797242,random_disjoint
fixed_blend,MIMIC,DBP_train_median_deviation_>20,319,929,9.586051807702235,10.341653069408247,9.963852438555245,-1.2012879062975177,-0.9318105299549356,-1.4707652826401016,random_disjoint
fixed_blend,VitalDB,DBP_train_median_deviation_>20,402,944,6.5641072651806125,4.852355976816023,5.708231620998317,-0.4668726872856279,-0.5736373108757604,-0.3601080636954936,random_disjoint
trained_blend,Overall,SBP_train_median_deviation_0-10,2051,50195,3.052516697022905,1.7630968091382984,2.4078067530806018,-0.1821500632435904,-0.223308663490902,-0.1409914629962794,random_disjoint
trained_blend,MIMIC,SBP_train_median_deviation_0-10,1011,25757,3.3288370430394663,1.92649394283416,2.627665492936813,-0.1575420739126856,-0.1873170976163241,-0.1277670502090473,random_disjoint
trained_blend,VitalDB,SBP_train_median_deviation_0-10,1040,24438,2.7839014375779594,1.6042559416704945,2.194078689624227,-0.2060718682566142,-0.2582966183939765,-0.153847118119252,random_disjoint
trained_blend,Overall,SBP_train_median_deviation_10-20,2029,20839,3.831029830466691,2.076230519004755,2.953630174735723,-0.2488740672407381,-0.3266655954927651,-0.1710825389887116,random_disjoint
trained_blend,MIMIC,SBP_train_median_deviation_10-20,991,9707,4.427557121612213,2.3264795762073343,3.3770183489097736,-0.2393736524394141,-0.3051129758379618,-0.1736343290408668,random_disjoint
trained_blend,VitalDB,SBP_train_median_deviation_10-20,1038,11132,3.261512927263212,1.8373125848161664,2.549412756039689,-0.2579443091175322,-0.3472423258183039,-0.1686462924167602,random_disjoint
trained_blend,Overall,SBP_train_median_deviation_>20,1744,11006,5.66612072221657,2.8533015359554,4.259711129085985,-0.3908822176848705,-0.5412555929066567,-0.2405088424630839,random_disjoint
trained_blend,MIMIC,SBP_train_median_deviation_>20,805,4976,7.080927189027933,3.43176585968391,5.256346524355921,-0.458462992762616,-0.6376064832113677,-0.2793195023138639,random_disjoint
trained_blend,VitalDB,SBP_train_median_deviation_>20,939,6030,4.453214219785105,2.357386966624781,3.405300593204943,-0.3329455574744484,-0.4586544569159274,-0.2072366580329694,random_disjoint
trained_blend,Overall,DBP_train_median_deviation_0-10,2051,69707,3.236170563305705,1.7193558767661623,2.477763220035934,-0.197725788703921,-0.2659665805521158,-0.1294849968557259,random_disjoint
trained_blend,MIMIC,DBP_train_median_deviation_0-10,1011,35229,3.593332229633211,1.8364693655269744,2.7149007975800927,-0.1677253421628708,-0.228643392006576,-0.1068072923191656,random_disjoint
trained_blend,VitalDB,DBP_train_median_deviation_0-10,1040,34478,2.8889682126738703,1.6055080525957954,2.2472381326348327,-0.2268896843318075,-0.3022490263401365,-0.1515303423234788,random_disjoint
trained_blend,Overall,DBP_train_median_deviation_10-20,1762,10460,4.732720871777651,2.982423912653323,3.857572392215487,-0.3531979598409416,-0.4242627932892802,-0.282133126392603,random_disjoint
trained_blend,MIMIC,DBP_train_median_deviation_10-20,791,4282,5.834149512695609,3.7091758434850775,4.771662678090343,-0.4038448014366826,-0.4572425379324309,-0.3504470649409343,random_disjoint
trained_blend,VitalDB,DBP_train_median_deviation_10-20,971,6178,3.8354705577033967,2.3903942758995465,3.112932416801472,-0.3119398221455416,-0.3973966985284805,-0.2264829457626018,random_disjoint
trained_blend,Overall,DBP_train_median_deviation_>20,721,1873,7.901139593980054,7.28104636868415,7.591092981332101,-0.7918081309261176,-0.73210784747251,-0.8515084143797242,random_disjoint
trained_blend,MIMIC,DBP_train_median_deviation_>20,319,929,9.586051807702235,10.341653069408247,9.963852438555245,-1.2012879062975177,-0.9318105299549356,-1.4707652826401016,random_disjoint
trained_blend,VitalDB,DBP_train_median_deviation_>20,402,944,6.5641072651806125,4.852355976816023,5.708231620998317,-0.4668726872856279,-0.5736373108757604,-0.3601080636954936,random_disjoint
E3_zero_reliability,Overall,SBP_train_median_deviation_0-10,2051,50195,3.036915091138776,1.7525595901122406,2.3947373406255084,-0.1952194756986838,-0.2389102693750313,-0.1515286820223371,random_disjoint
E3_zero_reliability,MIMIC,SBP_train_median_deviation_0-10,1011,25757,3.304115951402596,1.909798847515498,2.606957399459047,-0.1782501673904515,-0.2120381892531941,-0.1444621455277093,random_disjoint
E3_zero_reliability,VitalDB,SBP_train_median_deviation_0-10,1040,24438,2.7771650240938497,1.599704888925035,2.1884349565094423,-0.2117156013713987,-0.2650330318780862,-0.1583981708647115,random_disjoint
E3_zero_reliability,Overall,SBP_train_median_deviation_10-20,2029,20839,3.821347683947044,2.0598848367922957,2.9406162603696697,-0.2618879816067916,-0.3363477420124123,-0.1874282212011713,random_disjoint
E3_zero_reliability,MIMIC,SBP_train_median_deviation_10-20,991,9707,4.417044901742118,2.3094328716510435,3.363238886696581,-0.2531531146526067,-0.3156251957080567,-0.1906810335971576,random_disjoint
E3_zero_reliability,VitalDB,SBP_train_median_deviation_10-20,1038,11132,3.252623268884502,1.8216361830880377,2.53712972598627,-0.2702273391709511,-0.3561319841970136,-0.1843226941448887,random_disjoint
E3_zero_reliability,Overall,SBP_train_median_deviation_>20,1744,11006,5.697484665412086,2.842400180617123,4.269942423014604,-0.3806509237562512,-0.5098916497111414,-0.2514101978013605,random_disjoint
E3_zero_reliability,MIMIC,SBP_train_median_deviation_>20,805,4976,7.174911895991694,3.448996510903777,5.311954203447735,-0.4028553136708019,-0.5436217762476065,-0.2620888510939965,random_disjoint
E3_zero_reliability,VitalDB,SBP_train_median_deviation_>20,939,6030,4.430893695639367,2.3223681828740386,3.3766309392567027,-0.3616152114226887,-0.4809749810616655,-0.2422554417837119,random_disjoint
E3_zero_reliability,Overall,DBP_train_median_deviation_0-10,2051,69707,3.224000078913172,1.7005372438979354,2.4622686614055533,-0.2132203473343015,-0.2781370649446493,-0.1483036297239528,random_disjoint
E3_zero_reliability,MIMIC,DBP_train_median_deviation_0-10,1011,35229,3.572417476190335,1.8077667593423568,2.690092117766346,-0.1925340219766176,-0.2495581454494519,-0.1355098985037832,random_disjoint
E3_zero_reliability,VitalDB,DBP_train_median_deviation_0-10,1040,34478,2.885298166752391,1.5962977822495603,2.240797974500976,-0.2333298424656646,-0.3059190722616156,-0.1607406126697137,random_disjoint
E3_zero_reliability,Overall,DBP_train_median_deviation_10-20,1762,10460,4.7376980599554015,2.982319679715315,3.860008869835358,-0.3507614822210705,-0.4192856051115301,-0.2822373593306109,random_disjoint
E3_zero_reliability,MIMIC,DBP_train_median_deviation_10-20,791,4282,5.867542754502705,3.728470307149217,4.798006530825961,-0.3775009487010647,-0.4238492961253346,-0.3311526012767944,random_disjoint
E3_zero_reliability,VitalDB,DBP_train_median_deviation_10-20,971,6178,3.817299343799978,2.3744873972228158,3.095893370511397,-0.3289788684356161,-0.4155679124318991,-0.242389824439333,random_disjoint
E3_zero_reliability,Overall,DBP_train_median_deviation_>20,721,1873,7.962542489057585,7.503136556001625,7.732839522529605,-0.6500615897286144,-0.6707049523949795,-0.6294182270622493,random_disjoint
E3_zero_reliability,MIMIC,DBP_train_median_deviation_>20,319,929,9.807576862941836,10.873988463973056,10.340782663457446,-0.8243576813953144,-0.7102854747153362,-0.9384298880752944,random_disjoint
E3_zero_reliability,VitalDB,DBP_train_median_deviation_>20,402,944,6.498448048089736,4.828256559377529,5.663352303733632,-0.5117520045503134,-0.6392965279666374,-0.3842074811339877,random_disjoint
E3_trained_reliability,Overall,SBP_train_median_deviation_0-10,2051,50195,3.036915091138776,1.7525595901122406,2.3947373406255084,-0.1952194756986838,-0.2389102693750313,-0.1515286820223371,random_disjoint
E3_trained_reliability,MIMIC,SBP_train_median_deviation_0-10,1011,25757,3.304115951402596,1.909798847515498,2.606957399459047,-0.1782501673904515,-0.2120381892531941,-0.1444621455277093,random_disjoint
E3_trained_reliability,VitalDB,SBP_train_median_deviation_0-10,1040,24438,2.7771650240938497,1.599704888925035,2.1884349565094423,-0.2117156013713987,-0.2650330318780862,-0.1583981708647115,random_disjoint
E3_trained_reliability,Overall,SBP_train_median_deviation_10-20,2029,20839,3.821347683947044,2.0598848367922957,2.9406162603696697,-0.2618879816067916,-0.3363477420124123,-0.1874282212011713,random_disjoint
E3_trained_reliability,MIMIC,SBP_train_median_deviation_10-20,991,9707,4.417044901742118,2.3094328716510435,3.363238886696581,-0.2531531146526067,-0.3156251957080567,-0.1906810335971576,random_disjoint
E3_trained_reliability,VitalDB,SBP_train_median_deviation_10-20,1038,11132,3.252623268884502,1.8216361830880377,2.53712972598627,-0.2702273391709511,-0.3561319841970136,-0.1843226941448887,random_disjoint
E3_trained_reliability,Overall,SBP_train_median_deviation_>20,1744,11006,5.697484665412086,2.842400180617123,4.269942423014604,-0.3806509237562512,-0.5098916497111414,-0.2514101978013605,random_disjoint
E3_trained_reliability,MIMIC,SBP_train_median_deviation_>20,805,4976,7.174911895991694,3.448996510903777,5.311954203447735,-0.4028553136708019,-0.5436217762476065,-0.2620888510939965,random_disjoint
E3_trained_reliability,VitalDB,SBP_train_median_deviation_>20,939,6030,4.430893695639367,2.3223681828740386,3.3766309392567027,-0.3616152114226887,-0.4809749810616655,-0.2422554417837119,random_disjoint
E3_trained_reliability,Overall,DBP_train_median_deviation_0-10,2051,69707,3.224000078913172,1.7005372438979354,2.4622686614055533,-0.2132203473343015,-0.2781370649446493,-0.1483036297239528,random_disjoint
E3_trained_reliability,MIMIC,DBP_train_median_deviation_0-10,1011,35229,3.572417476190335,1.8077667593423568,2.690092117766346,-0.1925340219766176,-0.2495581454494519,-0.1355098985037832,random_disjoint
E3_trained_reliability,VitalDB,DBP_train_median_deviation_0-10,1040,34478,2.885298166752391,1.5962977822495603,2.240797974500976,-0.2333298424656646,-0.3059190722616156,-0.1607406126697137,random_disjoint
E3_trained_reliability,Overall,DBP_train_median_deviation_10-20,1762,10460,4.7376980599554015,2.982319679715315,3.860008869835358,-0.3507614822210705,-0.4192856051115301,-0.2822373593306109,random_disjoint
E3_trained_reliability,MIMIC,DBP_train_median_deviation_10-20,791,4282,5.867542754502705,3.728470307149217,4.798006530825961,-0.3775009487010647,-0.4238492961253346,-0.3311526012767944,random_disjoint
E3_trained_reliability,VitalDB,DBP_train_median_deviation_10-20,971,6178,3.817299343799978,2.3744873972228158,3.095893370511397,-0.3289788684356161,-0.4155679124318991,-0.242389824439333,random_disjoint
E3_trained_reliability,Overall,DBP_train_median_deviation_>20,721,1873,7.962542489057585,7.503136556001625,7.732839522529605,-0.6500615897286144,-0.6707049523949795,-0.6294182270622493,random_disjoint
E3_trained_reliability,MIMIC,DBP_train_median_deviation_>20,319,929,9.807576862941836,10.873988463973056,10.340782663457446,-0.8243576813953144,-0.7102854747153362,-0.9384298880752944,random_disjoint
E3_trained_reliability,VitalDB,DBP_train_median_deviation_>20,402,944,6.498448048089736,4.828256559377529,5.663352303733632,-0.5117520045503134,-0.6392965279666374,-0.3842074811339877,random_disjoint
D0_frozen_lora,Overall,SBP_train_median_deviation_0-10,2051,50195,3.275825360513807,1.9040882721345775,2.589956816324192,0.0,0.0,0.0,random_disjoint
D0_frozen_lora,MIMIC,SBP_train_median_deviation_0-10,1011,25757,3.5161541406557903,2.0542609930432074,2.7852075668494987,0.0,0.0,0.0,random_disjoint
D0_frozen_lora,VitalDB,SBP_train_median_deviation_0-10,1040,24438,3.042198055971936,1.7581030597897465,2.400150557880841,0.0,0.0,0.0,random_disjoint
D0_frozen_lora,Overall,SBP_train_median_deviation_10-20,2029,20839,4.1576954259594565,2.2473130579934666,3.2025042419764613,0.0,0.0,0.0,random_disjoint
D0_frozen_lora,MIMIC,SBP_train_median_deviation_10-20,991,9707,4.732670097450175,2.500113905248201,3.616392001349188,0.0,0.0,0.0,random_disjoint
D0_frozen_lora,VitalDB,SBP_train_median_deviation_10-20,1038,11132,3.608755253081516,2.0059588772329264,2.807357065157221,0.0,0.0,0.0,random_disjoint
D0_frozen_lora,Overall,SBP_train_median_deviation_>20,1744,11006,6.207376316399166,3.0938103778381705,4.650593347118669,3.478133336898281e-10,1.2759393541728061e-09,-5.803131308823595e-10,random_disjoint
D0_frozen_lora,MIMIC,SBP_train_median_deviation_>20,805,4976,7.718533675003574,3.7110853617409534,5.714809518372263,1.2537260118961058e-09,2.764273254740601e-09,-2.5682034276997e-10,random_disjoint
D0_frozen_lora,VitalDB,SBP_train_median_deviation_>20,939,6030,4.911868676701032,2.564623623800109,3.738246150250571,-4.2882053463699776e-10,0.0,-8.576410692739954e-10,random_disjoint
D0_frozen_lora,Overall,DBP_train_median_deviation_0-10,2051,69707,3.502137143857821,1.848840873621888,2.675489008739855,0.0,0.0,0.0,random_disjoint
D0_frozen_lora,MIMIC,DBP_train_median_deviation_0-10,1011,35229,3.821975621639787,1.94327665784614,2.882626139742964,0.0,0.0,0.0,random_disjoint
D0_frozen_lora,VitalDB,DBP_train_median_deviation_0-10,1040,34478,3.191217239014007,1.7570383949192745,2.4741278169666403,0.0,0.0,0.0,random_disjoint
D0_frozen_lora,Overall,DBP_train_median_deviation_10-20,1762,10460,5.156983667231913,3.264557039045926,4.210770353138919,1.0824905416484396e-09,2.1649810832968797e-09,0.0,random_disjoint
D0_frozen_lora,MIMIC,DBP_train_median_deviation_10-20,791,4282,6.291392055450666,4.059622908426012,5.17550748193834,2.41131381528703e-09,4.8226267423956415e-09,0.0,random_disjoint
D0_frozen_lora,VitalDB,DBP_train_median_deviation_10-20,971,6178,4.232867256231877,2.6168772216621483,3.424872238947013,0.0,0.0,0.0,random_disjoint
D0_frozen_lora,Overall,DBP_train_median_deviation_>20,721,1873,8.633247441981649,8.132554768967559,8.382901105474604,-6.783615447147895e-09,5.290843319016858e-10,-1.4096315226197476e-08,random_disjoint
D0_frozen_lora,MIMIC,DBP_train_median_deviation_>20,319,929,10.517862338853,11.812418350083774,11.165140344468387,-3.8437342197994434e-10,1.1958292134295332e-09,-1.964576057389422e-09,random_disjoint
D0_frozen_lora,VitalDB,DBP_train_median_deviation_>20,402,944,7.137744576056373,5.212464016788275,6.175104296422324,-1.1861621018738331e-08,0.0,-2.372324114929825e-08,random_disjoint
feature_knn,Overall,SBP_train_median_deviation_0-10,2051,50195,3.160485265191159,1.8164437248100611,2.48846449500061,-0.1014923213235823,-0.1153400953226482,-0.0876445473245164,random_disjoint
feature_knn,MIMIC,SBP_train_median_deviation_0-10,1011,25757,3.44662055286952,1.9809660163835408,2.7137932846265302,-0.0714142822229684,-0.0695335877862701,-0.0732949766596666,random_disjoint
feature_knn,VitalDB,SBP_train_median_deviation_0-10,1040,24438,2.8823287499576757,1.6565090740593045,2.26941891200849,-0.1307316458723511,-0.1598693060142606,-0.1015939857304419,random_disjoint
feature_knn,Overall,SBP_train_median_deviation_10-20,2029,20839,3.8908447645588,2.119168979672584,3.005006872115692,-0.1974973698607693,-0.2668506614006567,-0.1281440783208824,random_disjoint
feature_knn,MIMIC,SBP_train_median_deviation_10-20,991,9707,4.497280643125586,2.378710032900397,3.4379953380129917,-0.1783966633361964,-0.2353894543245891,-0.1214038723478041,random_disjoint
feature_knn,VitalDB,SBP_train_median_deviation_10-20,1038,11132,3.311867928663149,1.8713797853096137,2.591623856986381,-0.2157332081708398,-0.2968873244183667,-0.1345790919233127,random_disjoint
feature_knn,Overall,SBP_train_median_deviation_>20,1744,11006,5.60452177527722,2.8589645469437057,4.231743161110464,-0.4188501856603919,-0.6028545398460068,-0.2348458314747779,random_disjoint
feature_knn,MIMIC,SBP_train_median_deviation_>20,805,4976,6.985786865412082,3.43821450890485,5.212000687158466,-0.5028088299600713,-0.7327468068272189,-0.2728708530929236,random_disjoint
feature_knn,VitalDB,SBP_train_median_deviation_>20,939,6030,4.420370127185034,2.3623764538886247,3.391373290536829,-0.3468728601425619,-0.491498549515998,-0.2022471707691258,random_disjoint
feature_knn,Overall,DBP_train_median_deviation_0-10,2051,69707,3.316595073235467,1.7746447343281924,2.5456199037818297,-0.1298691049580251,-0.185542070622354,-0.0741961392936958,random_disjoint
feature_knn,MIMIC,DBP_train_median_deviation_0-10,1011,35229,3.683307539430957,1.898529091811148,2.790918315621053,-0.0917078241219107,-0.1386680822088295,-0.0447475660349918,random_disjoint
feature_knn,VitalDB,DBP_train_median_deviation_0-10,1040,34478,2.960108243116581,1.654214844505819,2.3071615438112003,-0.16696627315544,-0.2311089958974252,-0.1028235504134555,random_disjoint
feature_knn,Overall,DBP_train_median_deviation_10-20,1762,10460,4.754905504668416,3.005505259750983,3.8802053822097,-0.330564969846729,-0.4020781603985153,-0.2590517792949431,random_disjoint
feature_knn,MIMIC,DBP_train_median_deviation_10-20,791,4282,5.8493643100463135,3.7546090336723936,4.801986671859353,-0.3735208076676723,-0.4420277405817261,-0.3050138747536182,random_disjoint
feature_knn,VitalDB,DBP_train_median_deviation_10-20,971,6178,3.863332986590233,2.3952672729622737,3.129300129776253,-0.2955721091707595,-0.3695342696416439,-0.2216099486998746,random_disjoint
feature_knn,Overall,DBP_train_median_deviation_>20,721,1873,7.741806641914916,7.023662224297256,7.382734433106086,-1.0001666791521329,-0.8914407995376479,-1.108892558766618,random_disjoint
feature_knn,MIMIC,DBP_train_median_deviation_>20,319,929,9.296350042644187,9.843287749951442,9.569818896297814,-1.5953214485549465,-1.2215122950129818,-1.969130602096909,random_disjoint
feature_knn,VitalDB,DBP_train_median_deviation_>20,402,944,6.508226182132234,4.786198187770674,5.647212184951455,-0.5278921233324905,-0.6295183939241387,-0.4262658527408423,random_disjoint
nearest_record_time_bp,Overall,SBP_train_median_deviation_0-10,2051,50195,2.7330558784109176,1.498402878155407,2.115729378283162,-0.47422743804103,-0.5427694821028894,-0.4056853939791707,random_disjoint
nearest_record_time_bp,MIMIC,SBP_train_median_deviation_0-10,1011,25757,3.41247941345675,1.766476107958593,2.5894777607076715,-0.1957298061418271,-0.1036747271990403,-0.2877848850846147,random_disjoint
nearest_record_time_bp,VitalDB,SBP_train_median_deviation_0-10,1040,24438,2.0725778073230936,1.237804767260195,1.6551912872916443,-0.7449592705891968,-0.9696202486488424,-0.5202982925295514,random_disjoint
nearest_record_time_bp,Overall,SBP_train_median_deviation_10-20,2029,20839,3.187039549683436,1.7562623977433889,2.4716509737134125,-0.7308532682630489,-0.9706558762760203,-0.4910506602500779,random_disjoint
nearest_record_time_bp,MIMIC,SBP_train_median_deviation_10-20,991,9707,4.00200576227676,2.0754705654309125,3.0387381638538367,-0.577653837495351,-0.7306643351734143,-0.4246433398172886,random_disjoint
nearest_record_time_bp,VitalDB,SBP_train_median_deviation_10-20,1038,11132,2.408974504712353,1.4515077790744717,1.930241141893412,-0.8771159232638088,-1.1997807483691627,-0.5544510981584547,random_disjoint
nearest_record_time_bp,Overall,SBP_train_median_deviation_>20,1744,11006,4.233916071164801,2.3059181802945234,3.269917125729662,-1.3806762210411931,-1.973460243958426,-0.7878921981239602,random_disjoint
nearest_record_time_bp,MIMIC,SBP_train_median_deviation_>20,805,4976,5.292508124741864,2.704533045116548,3.9985205849292056,-1.7162889321893315,-2.426025547497437,-1.0065523168812258,random_disjoint
nearest_record_time_bp,VitalDB,SBP_train_median_deviation_>20,939,6030,3.32639040223026,1.9641876518794756,2.645289027054868,-1.0929571236245237,-1.5854782744707725,-0.6004359727782751,random_disjoint
nearest_record_time_bp,Overall,DBP_train_median_deviation_0-10,2051,69707,2.8317224453229213,1.5143660551390306,2.173044250230976,-0.5024447585088789,-0.6704146985348998,-0.3344748184828576,random_disjoint
nearest_record_time_bp,MIMIC,DBP_train_median_deviation_0-10,1011,35229,3.537551942707048,1.7626020212086235,2.650076981957836,-0.2325491577851277,-0.2844236789327392,-0.1806746366375162,random_disjoint
nearest_record_time_bp,VitalDB,DBP_train_median_deviation_0-10,1040,34478,2.145574732000468,1.2730520535079162,1.709313392754192,-0.7648144242124482,-1.045642507013539,-0.4839863414113581,random_disjoint
nearest_record_time_bp,Overall,DBP_train_median_deviation_10-20,1762,10460,3.852832646858446,2.330125337702583,3.0914789922805146,-1.119291359775914,-1.3041510182084854,-0.934431701343343,random_disjoint
nearest_record_time_bp,MIMIC,DBP_train_median_deviation_10-20,791,4282,4.829274243296107,2.9077408572203427,3.868507550258225,-1.3069999292688008,-1.462117807331933,-1.151882051205669,random_disjoint
nearest_record_time_bp,VitalDB,DBP_train_median_deviation_10-20,971,6178,3.057399791264017,1.8595858156237484,2.4584928034438827,-0.9663794355031304,-1.17546746496786,-0.7572914060384,random_disjoint
nearest_record_time_bp,Overall,DBP_train_median_deviation_>20,721,1873,5.770982420347669,4.886145944488378,5.328564182418024,-3.0543369298401952,-2.8622650211048954,-3.246408838575496,random_disjoint
nearest_record_time_bp,MIMIC,DBP_train_median_deviation_>20,319,929,6.938019348641476,6.318957759316155,6.628488553978816,-4.536651790873945,-3.5798429890156944,-5.493460592732196,random_disjoint
nearest_record_time_bp,VitalDB,DBP_train_median_deviation_>20,402,944,4.844900877746365,3.7491634347121088,4.297032156229237,-1.878072152054708,-2.292843698310008,-1.4633006057994078,random_disjoint
time_matched_feature_uniform,Overall,SBP_train_median_deviation_0-10,2051,50195,3.2207420953686103,1.8506032700412365,2.535672682704924,-0.0542841336192685,-0.0550832651451966,-0.0534850020933412,random_disjoint
time_matched_feature_uniform,MIMIC,SBP_train_median_deviation_0-10,1011,25757,3.487286073128592,2.0043186358477296,2.745802354488161,-0.0394052123613377,-0.0288680675271986,-0.0499423571954777,random_disjoint
time_matched_feature_uniform,VitalDB,SBP_train_median_deviation_0-10,1040,24438,2.9616305939115506,1.7011741980889628,2.331402396000257,-0.0687481618805843,-0.0805674620603853,-0.0569288617007837,random_disjoint
time_matched_feature_uniform,Overall,SBP_train_median_deviation_10-20,2029,20839,3.984217882552214,2.1701915813828694,3.0772047319675417,-0.1252995100089196,-0.1734775434072424,-0.0771214766105972,random_disjoint
time_matched_feature_uniform,MIMIC,SBP_train_median_deviation_10-20,991,9707,4.560557106147855,2.419296324897512,3.4899267155226834,-0.1264652858265043,-0.1721129913023196,-0.0808175803506894,random_disjoint
time_matched_feature_uniform,VitalDB,SBP_train_median_deviation_10-20,1038,11132,3.4339749436473213,1.9323661470639764,2.6831705453556487,-0.1241865198015723,-0.1747803094341944,-0.07359273016895,random_disjoint
time_matched_feature_uniform,Overall,SBP_train_median_deviation_>20,1744,11006,5.8485000337449184,2.977313532925574,4.412906783335246,-0.2376865634356093,-0.3588762813783086,-0.1164968454929096,random_disjoint
time_matched_feature_uniform,MIMIC,SBP_train_median_deviation_>20,805,4976,7.210829864032947,3.5429984177293496,5.376914140881148,-0.3378953762373893,-0.5077038082063536,-0.168086944268424,random_disjoint
time_matched_feature_uniform,VitalDB,SBP_train_median_deviation_>20,939,6030,4.680581489142295,2.492354712619888,3.586468100881091,-0.1517780497983003,-0.2312871875587374,-0.0722689120378627,random_disjoint
time_matched_feature_uniform,Overall,DBP_train_median_deviation_0-10,2051,69707,3.3852959429083938,1.8071048916710275,2.5962004172897104,-0.0792885914501444,-0.1168412009494272,-0.0417359819508609,random_disjoint
time_matched_feature_uniform,MIMIC,DBP_train_median_deviation_0-10,1011,35229,3.733737953281123,1.9200472893524223,2.8268926213167727,-0.0557335184261909,-0.0882376683586638,-0.0232293684937177,random_disjoint
time_matched_feature_uniform,VitalDB,DBP_train_median_deviation_0-10,1040,34478,3.04657010397875,1.697311849309594,2.371940976644172,-0.1021868403224681,-0.1446471350352567,-0.0597265456096802,random_disjoint
time_matched_feature_uniform,Overall,DBP_train_median_deviation_10-20,1762,10460,4.911448602776477,3.1094578141360434,4.01045320845626,-0.2003171436001682,-0.2455350622904548,-0.1550992249098826,random_disjoint
time_matched_feature_uniform,MIMIC,DBP_train_median_deviation_10-20,791,4282,6.0045862610806005,3.863398186764037,4.933992223922319,-0.2415152556047068,-0.2868057895474392,-0.196224721661975,random_disjoint
time_matched_feature_uniform,VitalDB,DBP_train_median_deviation_10-20,971,6178,4.020952322942737,2.4952798174844038,3.2581160702135703,-0.1667561687334426,-0.2119149332891403,-0.121597404177745,random_disjoint
time_matched_feature_uniform,Overall,DBP_train_median_deviation_>20,721,1873,8.340442371532555,7.506448641809467,7.923445506671011,-0.4594556055872081,-0.2928050699200089,-0.6261061412544073,random_disjoint
time_matched_feature_uniform,MIMIC,DBP_train_median_deviation_>20,319,929,9.792466317893426,10.32508089322652,10.058773605559974,-1.1063667392927865,-0.7253960197637443,-1.4873374588218304,random_disjoint
time_matched_feature_uniform,VitalDB,DBP_train_median_deviation_>20,402,944,7.188214414096939,5.269772800510859,6.228993607303899,0.0538892990199535,0.0504698380405663,0.0573087599993424,random_disjoint
time_stratum_random_uniform,Overall,SBP_train_median_deviation_0-10,2051,50195,5.279621621328529,3.0786709037115587,4.179146262520044,1.589189446195852,2.0037962608147217,1.174582631576981,random_disjoint
time_stratum_random_uniform,MIMIC,SBP_train_median_deviation_0-10,1011,25757,4.546680875662427,2.644712090301457,3.595696482981942,0.8104889161324436,1.030526735006637,0.5904510972582497,random_disjoint
time_stratum_random_uniform,VitalDB,SBP_train_median_deviation_0-10,1040,24438,5.992124596202018,3.500528942516956,4.746326769359487,2.346176211478646,2.949926540230082,1.7424258827272097,random_disjoint
time_stratum_random_uniform,Overall,SBP_train_median_deviation_10-20,2029,20839,8.871110689244974,4.574507110245796,6.7228088997453845,3.520304657768923,4.713415263285517,2.3271940522523296,random_disjoint
time_stratum_random_uniform,MIMIC,SBP_train_median_deviation_10-20,991,9707,7.551205012411944,3.6485280695300792,5.599866540971012,1.983474539621824,2.818534914961769,1.148414164281878,random_disjoint
time_stratum_random_uniform,VitalDB,SBP_train_median_deviation_10-20,1038,11132,10.131251850845675,5.458558390929105,7.794905120887391,4.987548055730169,6.522496597764162,3.4525995136961787,random_disjoint
time_stratum_random_uniform,Overall,SBP_train_median_deviation_>20,1744,11006,16.478246795848783,7.99495205458144,12.236599425215111,7.586006078444256,10.270870480725556,4.901141676162957,random_disjoint
time_stratum_random_uniform,MIMIC,SBP_train_median_deviation_>20,805,4976,13.135917837420202,5.866633308577221,9.501275572998711,3.786466055880174,5.417384165180901,2.155547946579447,random_disjoint
time_stratum_random_uniform,VitalDB,SBP_train_median_deviation_>20,939,6030,19.34360868246754,9.819549062604228,14.581578872535884,10.843332721856491,14.431740005766509,7.254925437946477,random_disjoint
time_stratum_random_uniform,Overall,DBP_train_median_deviation_0-10,2051,69707,6.418637847324344,3.2484690977213373,4.833553472522841,2.1580644637829858,2.916500703466524,1.399628224099449,random_disjoint
time_stratum_random_uniform,MIMIC,DBP_train_median_deviation_0-10,1011,35229,5.489564112873419,2.647941419030126,4.068752765951772,1.1861266262088086,1.6675884912336318,0.704664761183986,random_disjoint
time_stratum_random_uniform,VitalDB,DBP_train_median_deviation_0-10,1040,34478,7.321804718026156,3.8322512930644295,5.5770280055452925,3.102900188578652,4.130587479012149,2.075212898145155,random_disjoint
time_stratum_random_uniform,Overall,DBP_train_median_deviation_10-20,1762,10460,13.386994723836574,7.931213442449599,10.659104083143086,6.448333731086658,8.230011058769643,4.666656403403673,random_disjoint
time_stratum_random_uniform,MIMIC,DBP_train_median_deviation_10-20,791,4282,10.642698087987847,6.452011315662451,8.54735470182515,3.371847222298124,4.351306037359808,2.3923884072364388,random_disjoint
time_stratum_random_uniform,VitalDB,DBP_train_median_deviation_10-20,971,6178,15.622564897838984,9.136207142025947,12.379386019932465,8.954513780985451,11.389697641607109,6.519329920363798,random_disjoint
time_stratum_random_uniform,Overall,DBP_train_median_deviation_>20,721,1873,23.56925317992864,17.250410242128,20.40983171102832,12.026930598770102,14.936005738476076,9.117855459064128,random_disjoint
time_stratum_random_uniform,MIMIC,DBP_train_median_deviation_>20,319,929,15.419410186535936,14.60316119515571,15.011285690845824,3.846145345993064,4.901547848878765,2.79074284310736,random_disjoint
time_stratum_random_uniform,VitalDB,DBP_train_median_deviation_>20,402,944,30.03641714732236,19.35108796845676,24.69375255788956,18.51864824960561,22.898672571265983,14.138623927945243,random_disjoint
gap60__fixed_blend,Overall,SBP_train_median_deviation_0-10,2051,50195,3.378060308251515,1.9407696253904416,2.6594149668209783,0.0694581504967861,0.102234947737708,0.0366813532558638,random_disjoint
gap60__fixed_blend,MIMIC,SBP_train_median_deviation_0-10,1011,25757,3.474417227198313,2.008146333525796,2.7412817803620544,-0.0439257864874442,-0.0417369134574774,-0.0461146595174115,random_disjoint
gap60__fixed_blend,VitalDB,SBP_train_median_deviation_0-10,1040,24438,3.284390264929195,1.8752716908473237,2.579830977888259,0.179680420007418,0.2421922089572592,0.1171686310575768,random_disjoint
gap60__fixed_blend,Overall,SBP_train_median_deviation_10-20,2029,20839,4.297426330097358,2.324504030850087,3.3109651804737226,0.1084609384972612,0.1397309041379015,0.0771909728566204,random_disjoint
gap60__fixed_blend,MIMIC,SBP_train_median_deviation_10-20,991,9707,4.6473925507578295,2.448740300943718,3.5480664258507737,-0.068325575498414,-0.0852775466923452,-0.0513736043044832,random_disjoint
gap60__fixed_blend,VitalDB,SBP_train_median_deviation_10-20,1038,11132,3.963306364129607,2.2058931024658985,3.084599733297753,0.277242668140532,0.3545511110480914,0.1999342252329721,random_disjoint
gap60__fixed_blend,Overall,SBP_train_median_deviation_>20,1744,11006,6.5618424394619375,3.298091721278817,4.929967080370377,0.2793737335995212,0.3544661243387104,0.2042813428603329,random_disjoint
gap60__fixed_blend,MIMIC,SBP_train_median_deviation_>20,805,4976,7.517664952685174,3.63722836272439,5.577446657704782,-0.1373628594137548,-0.2008687195541263,-0.0738569992733837,random_disjoint
gap60__fixed_blend,VitalDB,SBP_train_median_deviation_>20,939,6030,5.7424205830778,3.007351576056573,4.374886079567187,0.6366399288877953,0.8305519063767681,0.4427279513988225,random_disjoint
gap60__fixed_blend,Overall,DBP_train_median_deviation_0-10,2051,69707,3.597133836352426,1.9049743903334135,2.75105411334292,0.0755651046030649,0.0949966924946048,0.0561335167115255,random_disjoint
gap60__fixed_blend,MIMIC,DBP_train_median_deviation_0-10,1011,35229,3.758652606299916,1.92009988923179,2.839376247765853,-0.0432498919771107,-0.0633230153398711,-0.02317676861435,random_disjoint
gap60__fixed_blend,VitalDB,DBP_train_median_deviation_0-10,1040,34478,3.440118955182317,1.8902706601543195,2.665194807668318,0.1910669907016777,0.24890171616831,0.1332322652350452,random_disjoint
gap60__fixed_blend,Overall,DBP_train_median_deviation_10-20,1762,10460,5.45468909537424,3.4080716185222117,4.4313803569482255,0.2206100048917969,0.2977054303073085,0.1435145794762853,random_disjoint
gap60__fixed_blend,MIMIC,DBP_train_median_deviation_10-20,791,4282,6.15237499463355,3.9079527712072473,5.030163882920398,-0.1453435966066276,-0.1390170559944898,-0.1516701372187645,random_disjoint
gap60__fixed_blend,VitalDB,DBP_train_median_deviation_10-20,971,6178,4.886337348397809,3.000856384975493,3.943596866686652,0.5187246277396387,0.6534700921659322,0.3839791633133451,random_disjoint
gap60__fixed_blend,Overall,DBP_train_median_deviation_>20,721,1873,9.388108075271926,8.321275458353437,8.854691766812682,0.4717906545544625,0.7548606338193622,0.1887206752895629,random_disjoint
gap60__fixed_blend,MIMIC,DBP_train_median_deviation_>20,319,929,10.108847193369495,10.94030640672794,10.52457680004872,-0.6405635448040421,-0.4090151442876735,-0.8721119453204107,random_disjoint
gap60__fixed_blend,VitalDB,DBP_train_median_deviation_>20,402,944,8.816178277577588,6.2429897057876005,7.529583991682594,1.3544796833986492,1.6784337015212154,1.030525665276084,random_disjoint
gap60__trained_blend,Overall,SBP_train_median_deviation_0-10,2051,50195,3.378060308251515,1.9407696253904416,2.6594149668209783,0.0694581504967861,0.102234947737708,0.0366813532558638,random_disjoint
gap60__trained_blend,MIMIC,SBP_train_median_deviation_0-10,1011,25757,3.474417227198313,2.008146333525796,2.7412817803620544,-0.0439257864874442,-0.0417369134574774,-0.0461146595174115,random_disjoint
gap60__trained_blend,VitalDB,SBP_train_median_deviation_0-10,1040,24438,3.284390264929195,1.8752716908473237,2.579830977888259,0.179680420007418,0.2421922089572592,0.1171686310575768,random_disjoint
gap60__trained_blend,Overall,SBP_train_median_deviation_10-20,2029,20839,4.297426330097358,2.324504030850087,3.3109651804737226,0.1084609384972612,0.1397309041379015,0.0771909728566204,random_disjoint
gap60__trained_blend,MIMIC,SBP_train_median_deviation_10-20,991,9707,4.6473925507578295,2.448740300943718,3.5480664258507737,-0.068325575498414,-0.0852775466923452,-0.0513736043044832,random_disjoint
gap60__trained_blend,VitalDB,SBP_train_median_deviation_10-20,1038,11132,3.963306364129607,2.2058931024658985,3.084599733297753,0.277242668140532,0.3545511110480914,0.1999342252329721,random_disjoint
gap60__trained_blend,Overall,SBP_train_median_deviation_>20,1744,11006,6.5618424394619375,3.298091721278817,4.929967080370377,0.2793737335995212,0.3544661243387104,0.2042813428603329,random_disjoint
gap60__trained_blend,MIMIC,SBP_train_median_deviation_>20,805,4976,7.517664952685174,3.63722836272439,5.577446657704782,-0.1373628594137548,-0.2008687195541263,-0.0738569992733837,random_disjoint
gap60__trained_blend,VitalDB,SBP_train_median_deviation_>20,939,6030,5.7424205830778,3.007351576056573,4.374886079567187,0.6366399288877953,0.8305519063767681,0.4427279513988225,random_disjoint
gap60__trained_blend,Overall,DBP_train_median_deviation_0-10,2051,69707,3.597133836352426,1.9049743903334135,2.75105411334292,0.0755651046030649,0.0949966924946048,0.0561335167115255,random_disjoint
gap60__trained_blend,MIMIC,DBP_train_median_deviation_0-10,1011,35229,3.758652606299916,1.92009988923179,2.839376247765853,-0.0432498919771107,-0.0633230153398711,-0.02317676861435,random_disjoint
gap60__trained_blend,VitalDB,DBP_train_median_deviation_0-10,1040,34478,3.440118955182317,1.8902706601543195,2.665194807668318,0.1910669907016777,0.24890171616831,0.1332322652350452,random_disjoint
gap60__trained_blend,Overall,DBP_train_median_deviation_10-20,1762,10460,5.45468909537424,3.4080716185222117,4.4313803569482255,0.2206100048917969,0.2977054303073085,0.1435145794762853,random_disjoint
gap60__trained_blend,MIMIC,DBP_train_median_deviation_10-20,791,4282,6.15237499463355,3.9079527712072473,5.030163882920398,-0.1453435966066276,-0.1390170559944898,-0.1516701372187645,random_disjoint
gap60__trained_blend,VitalDB,DBP_train_median_deviation_10-20,971,6178,4.886337348397809,3.000856384975493,3.943596866686652,0.5187246277396387,0.6534700921659322,0.3839791633133451,random_disjoint
gap60__trained_blend,Overall,DBP_train_median_deviation_>20,721,1873,9.388108075271926,8.321275458353437,8.854691766812682,0.4717906545544625,0.7548606338193622,0.1887206752895629,random_disjoint
gap60__trained_blend,MIMIC,DBP_train_median_deviation_>20,319,929,10.108847193369495,10.94030640672794,10.52457680004872,-0.6405635448040421,-0.4090151442876735,-0.8721119453204107,random_disjoint
gap60__trained_blend,VitalDB,DBP_train_median_deviation_>20,402,944,8.816178277577588,6.2429897057876005,7.529583991682594,1.3544796833986492,1.6784337015212154,1.030525665276084,random_disjoint
gap60__D0_frozen_lora,Overall,SBP_train_median_deviation_0-10,2051,50195,3.275825360513807,1.9040882721345775,2.589956816324192,0.0,0.0,0.0,random_disjoint
gap60__D0_frozen_lora,MIMIC,SBP_train_median_deviation_0-10,1011,25757,3.5161541406557903,2.0542609930432074,2.7852075668494987,0.0,0.0,0.0,random_disjoint
gap60__D0_frozen_lora,VitalDB,SBP_train_median_deviation_0-10,1040,24438,3.042198055971936,1.7581030597897465,2.400150557880841,0.0,0.0,0.0,random_disjoint
gap60__D0_frozen_lora,Overall,SBP_train_median_deviation_10-20,2029,20839,4.1576954259594565,2.2473130579934666,3.2025042419764613,0.0,0.0,0.0,random_disjoint
gap60__D0_frozen_lora,MIMIC,SBP_train_median_deviation_10-20,991,9707,4.732670097450175,2.500113905248201,3.616392001349188,0.0,0.0,0.0,random_disjoint
gap60__D0_frozen_lora,VitalDB,SBP_train_median_deviation_10-20,1038,11132,3.608755253081516,2.0059588772329264,2.807357065157221,0.0,0.0,0.0,random_disjoint
gap60__D0_frozen_lora,Overall,SBP_train_median_deviation_>20,1744,11006,6.207376316399166,3.0938103778381705,4.650593347118669,3.478133336898281e-10,1.2759393541728061e-09,-5.803131308823595e-10,random_disjoint
gap60__D0_frozen_lora,MIMIC,SBP_train_median_deviation_>20,805,4976,7.718533675003574,3.7110853617409534,5.714809518372263,1.2537260118961058e-09,2.764273254740601e-09,-2.5682034276997e-10,random_disjoint
gap60__D0_frozen_lora,VitalDB,SBP_train_median_deviation_>20,939,6030,4.911868676701032,2.564623623800109,3.738246150250571,-4.2882053463699776e-10,0.0,-8.576410692739954e-10,random_disjoint
gap60__D0_frozen_lora,Overall,DBP_train_median_deviation_0-10,2051,69707,3.502137143857821,1.848840873621888,2.675489008739855,0.0,0.0,0.0,random_disjoint
gap60__D0_frozen_lora,MIMIC,DBP_train_median_deviation_0-10,1011,35229,3.821975621639787,1.94327665784614,2.882626139742964,0.0,0.0,0.0,random_disjoint
gap60__D0_frozen_lora,VitalDB,DBP_train_median_deviation_0-10,1040,34478,3.191217239014007,1.7570383949192745,2.4741278169666403,0.0,0.0,0.0,random_disjoint
gap60__D0_frozen_lora,Overall,DBP_train_median_deviation_10-20,1762,10460,5.156983667231913,3.264557039045926,4.210770353138919,1.0824905416484396e-09,2.1649810832968797e-09,0.0,random_disjoint
gap60__D0_frozen_lora,MIMIC,DBP_train_median_deviation_10-20,791,4282,6.291392055450666,4.059622908426012,5.17550748193834,2.41131381528703e-09,4.8226267423956415e-09,0.0,random_disjoint
gap60__D0_frozen_lora,VitalDB,DBP_train_median_deviation_10-20,971,6178,4.232867256231877,2.6168772216621483,3.424872238947013,0.0,0.0,0.0,random_disjoint
gap60__D0_frozen_lora,Overall,DBP_train_median_deviation_>20,721,1873,8.633247441981649,8.132554768967559,8.382901105474604,-6.783615447147895e-09,5.290843319016858e-10,-1.4096315226197476e-08,random_disjoint
gap60__D0_frozen_lora,MIMIC,DBP_train_median_deviation_>20,319,929,10.517862338853,11.812418350083774,11.165140344468387,-3.8437342197994434e-10,1.1958292134295332e-09,-1.964576057389422e-09,random_disjoint
gap60__D0_frozen_lora,VitalDB,DBP_train_median_deviation_>20,402,944,7.137744576056373,5.212464016788275,6.175104296422324,-1.1861621018738331e-08,0.0,-2.372324114929825e-08,random_disjoint
gap60__feature_knn,Overall,SBP_train_median_deviation_0-10,2051,50195,3.642426907177344,2.0806849536316063,2.8615559304044758,0.2715991140802831,0.3666015466635368,0.1765966814970285,random_disjoint
gap60__feature_knn,MIMIC,SBP_train_median_deviation_0-10,1011,25757,3.647960978955316,2.092923015476128,2.870441997215722,0.0852344303662233,0.1318068382995254,0.0386620224329203,random_disjoint
gap60__feature_knn,VitalDB,SBP_train_median_deviation_0-10,1040,24438,3.637047150862412,2.0687881454346715,2.8529176481485417,0.4527670902677005,0.5948490948904759,0.310685085644925,random_disjoint
gap60__feature_knn,Overall,SBP_train_median_deviation_10-20,2029,20839,4.573744893220393,2.484960730294875,3.529352811757634,0.3268485697811725,0.4160494672609367,0.2376476723014082,random_disjoint
gap60__feature_knn,MIMIC,SBP_train_median_deviation_10-20,991,9707,4.797826639385514,2.5481673816647405,3.672997010525127,0.0566050091759393,0.0651565419353392,0.0480534764165394,random_disjoint
gap60__feature_knn,VitalDB,SBP_train_median_deviation_10-20,1038,11132,4.359809430359472,2.4246160371276915,3.3922127337435817,0.5848556685863606,0.7510541772779562,0.418657159894765,random_disjoint
gap60__feature_knn,Overall,SBP_train_median_deviation_>20,1744,11006,6.951552702320218,3.5440215852301797,5.247787143775199,0.5971937970043433,0.7441763871969913,0.4502112068116957,random_disjoint
gap60__feature_knn,MIMIC,SBP_train_median_deviation_>20,805,4976,7.614863111066697,3.743790084396644,5.67932659773167,-0.035482919386867,-0.1036705611726036,0.0327047223988703,random_disjoint
gap60__feature_knn,VitalDB,SBP_train_median_deviation_>20,939,6030,6.38290000898591,3.372761050800995,4.877830529893453,1.1395843792140616,1.4710313322848778,0.8081374261432446,random_disjoint
gap60__feature_knn,Overall,DBP_train_median_deviation_0-10,2051,69707,3.8386580310658056,2.047959801638357,2.9433089163520814,0.2678199076122265,0.3365208872079845,0.1991189280164689,random_disjoint
gap60__feature_knn,MIMIC,DBP_train_median_deviation_0-10,1011,35229,3.904608439739646,2.012628694356097,2.9586185670478717,0.0759924273049077,0.0826328180998592,0.0693520365099569,random_disjoint
gap60__feature_knn,VitalDB,DBP_train_median_deviation_0-10,1040,34478,3.774546624172294,2.08230571458294,2.928426169377617,0.4542983524109765,0.583329385158287,0.325267319663665,random_disjoint
gap60__feature_knn,Overall,DBP_train_median_deviation_10-20,1762,10460,5.821444163106085,3.645772252418495,4.733608207762289,0.5228378557058608,0.6644604980391531,0.3812152133725686,random_disjoint
gap60__feature_knn,MIMIC,DBP_train_median_deviation_10-20,791,4282,6.325580482779635,4.059431927459065,5.192506205119351,0.0169987255923249,0.0341884321515957,-0.0001909809669466,random_disjoint
gap60__feature_knn,VitalDB,DBP_train_median_deviation_10-20,971,6178,5.410762567985816,3.3087951124008925,4.359778840193354,0.9349066012463414,1.1778953117539386,0.6919178907387442,random_disjoint
gap60__feature_knn,Overall,DBP_train_median_deviation_>20,721,1873,10.038609797974477,8.607159149666481,9.322884473820478,0.939983361562259,1.4053623565219109,0.4746043666026072,random_disjoint
gap60__feature_knn,MIMIC,DBP_train_median_deviation_>20,319,929,10.025406132550687,10.619105532005502,10.322255832278096,-0.8428845125746651,-0.4924562051064836,-1.1933128200428484,random_disjoint
gap60__feature_knn,VitalDB,DBP_train_median_deviation_>20,402,944,10.049087333472457,7.010614632337755,8.529850982905106,2.354746674621161,2.911342757416084,1.7981505918262384,random_disjoint
gap60__nearest_record_time_bp,Overall,SBP_train_median_deviation_0-10,2051,50195,4.300549923197276,2.339616718828476,3.320083321012876,0.730126504688684,1.0247245626834691,0.435528446693898,random_disjoint
gap60__nearest_record_time_bp,MIMIC,SBP_train_median_deviation_0-10,1011,25757,4.138463715552097,2.1221934736422257,3.1303285945971613,0.3451210277476626,0.622309574896307,0.0679324805990182,random_disjoint
gap60__nearest_record_time_bp,VitalDB,SBP_train_median_deviation_0-10,1040,24438,4.458116419283119,2.5509772004470315,3.504546809865075,1.104396251984234,1.415918363311183,0.792874140657285,random_disjoint
gap60__nearest_record_time_bp,Overall,SBP_train_median_deviation_10-20,2029,20839,5.260947108859334,2.839306171913137,4.050126640386235,0.8476223984097739,1.1032516828998773,0.5919931139196706,random_disjoint
gap60__nearest_record_time_bp,MIMIC,SBP_train_median_deviation_10-20,991,9707,5.050507751419824,2.566717385917423,3.808612568668624,0.1922205673194357,0.317837653969649,0.0666034806692219,random_disjoint
gap60__nearest_record_time_bp,VitalDB,SBP_train_median_deviation_10-20,1038,11132,5.461857901944646,3.099552305749123,4.280705103846884,1.4733480386896631,1.8531026488631304,1.0935934285161966,random_disjoint
gap60__nearest_record_time_bp,Overall,SBP_train_median_deviation_>20,1744,11006,7.665219396229414,4.151127427113331,5.908173411671372,1.2575800649005169,1.457843081106187,1.0573170486948475,random_disjoint
gap60__nearest_record_time_bp,MIMIC,SBP_train_median_deviation_>20,805,4976,7.005159316937082,3.5200755543137032,5.262617435625392,-0.4521920814931448,-0.7133743553022187,-0.1910098076840705,random_disjoint
gap60__nearest_record_time_bp,VitalDB,SBP_train_median_deviation_>20,939,6030,8.231085598391639,4.692125039044855,6.461605318718247,2.723359168038856,3.3192169216906064,2.1275014143871047,random_disjoint
gap60__nearest_record_time_bp,Overall,DBP_train_median_deviation_0-10,2051,69707,4.4953131727869975,2.371457541066623,3.4333853569268102,0.7578963481869554,0.9931760289291764,0.5226166674447348,random_disjoint
gap60__nearest_record_time_bp,MIMIC,DBP_train_median_deviation_0-10,1011,35229,4.337029337692498,2.128956804959244,3.232993071325871,0.3503669315829074,0.5150537160527113,0.1856801471131037,random_disjoint
gap60__nearest_record_time_bp,VitalDB,DBP_train_median_deviation_0-10,1040,34478,4.649183324018286,2.6071962374171616,3.628189780717724,1.1540619637510834,1.457966085004279,0.8501578424978873,random_disjoint
gap60__nearest_record_time_bp,Overall,DBP_train_median_deviation_10-20,1762,10460,6.791008765791957,4.034093999772504,5.412551382782231,1.201781030725802,1.634025100725025,0.7695369607265783,random_disjoint
gap60__nearest_record_time_bp,MIMIC,DBP_train_median_deviation_10-20,791,4282,6.294082581397854,3.722401677414076,5.008242129405965,-0.1672653501210605,0.0026905307698141,-0.3372212310119358,random_disjoint
gap60__nearest_record_time_bp,VitalDB,DBP_train_median_deviation_10-20,971,6178,7.195816810957494,4.288006076997545,5.74191144397752,2.317039205030506,2.9629495547256166,1.6711288553353971,random_disjoint
gap60__nearest_record_time_bp,Overall,DBP_train_median_deviation_>20,721,1873,11.613451506296384,8.917619720655894,10.26553561347614,1.88263450121792,2.98020406484382,0.7850649375920202,random_disjoint
gap60__nearest_record_time_bp,MIMIC,DBP_train_median_deviation_>20,319,929,9.339225437496834,8.536642010783696,8.937933724140265,-2.2272066207124954,-1.1786369001603365,-3.2757763412646543,random_disjoint
gap60__nearest_record_time_bp,VitalDB,DBP_train_median_deviation_>20,402,944,13.418123436512944,9.219937853614177,11.31903064506356,5.143926336779614,6.280378860456572,4.00747381310266,random_disjoint
gap60__time_matched_feature_uniform,Overall,SBP_train_median_deviation_0-10,2051,50195,3.664612884988108,2.096252819476061,2.880432852232085,0.2904760359078926,0.3887875244743011,0.1921645473414837,random_disjoint
gap60__time_matched_feature_uniform,MIMIC,SBP_train_median_deviation_0-10,1011,25757,3.663129618714824,2.10476787455488,2.883948746634852,0.0987411797853532,0.1469754780590335,0.0505068815116724,random_disjoint
gap60__time_matched_feature_uniform,VitalDB,SBP_train_median_deviation_0-10,1040,24438,3.666054790951849,2.087975203433094,2.877014997192472,0.4768644393116306,0.6238567349799133,0.3298721436433476,random_disjoint
gap60__time_matched_feature_uniform,Overall,SBP_train_median_deviation_10-20,2029,20839,4.62266959487626,2.513604942514885,3.568137268695573,0.3656330267191112,0.4649741689168039,0.2662918845214186,random_disjoint
gap60__time_matched_feature_uniform,MIMIC,SBP_train_median_deviation_10-20,991,9707,4.846540636368696,2.5754245710315558,3.710982603700125,0.0945906023509377,0.1138705389185208,0.0753106657833542,random_disjoint
gap60__time_matched_feature_uniform,VitalDB,SBP_train_median_deviation_10-20,1038,11132,4.408935296110361,2.454584468661302,3.4317598823858315,0.6244028172286105,0.800180043028845,0.4486255914283754,random_disjoint
gap60__time_matched_feature_uniform,Overall,SBP_train_median_deviation_>20,1744,11006,7.11484837603942,3.5973299215407253,5.356089148790073,0.7054958020192172,0.9074720609161931,0.5035195431222417,random_disjoint
gap60__time_matched_feature_uniform,MIMIC,SBP_train_median_deviation_>20,805,4976,7.760643375122025,3.794867864818425,5.777755619970225,0.0629461028516882,0.0421097028827244,0.0837825028206515,random_disjoint
gap60__time_matched_feature_uniform,VitalDB,SBP_train_median_deviation_>20,939,6030,6.561211555739637,3.427981631510322,4.99459659362498,1.2563504429455885,1.6493428790386044,0.8633580068525717,random_disjoint
gap60__time_matched_feature_uniform,Overall,DBP_train_median_deviation_0-10,2051,69707,3.869456817588436,2.062676776035351,2.966066796811893,0.2905777880720386,0.3673196737306146,0.2138359024134626,random_disjoint
gap60__time_matched_feature_uniform,MIMIC,DBP_train_median_deviation_0-10,1011,35229,3.931642740084485,2.023611489229707,2.9776271146570963,0.0950009749141327,0.1096671184446984,0.0803348313835667,random_disjoint
gap60__time_matched_feature_uniform,VitalDB,DBP_train_median_deviation_0-10,1040,34478,3.809004925623527,2.10065274234353,2.9548288339835285,0.4807010170168881,0.6177876866095198,0.3436143474242557,random_disjoint
gap60__time_matched_feature_uniform,Overall,DBP_train_median_deviation_10-20,1762,10460,5.9107973737135415,3.711052818064609,4.810925095889076,0.6001547438326469,0.7538137086466099,0.4464957790186825,random_disjoint
gap60__time_matched_feature_uniform,MIMIC,DBP_train_median_deviation_10-20,791,4282,6.429695051460887,4.135855587870235,5.282775319665561,0.1072678401385349,0.1383030008328472,0.0762326794442236,random_disjoint
gap60__time_matched_feature_uniform,VitalDB,DBP_train_median_deviation_10-20,971,6178,5.488090820574353,3.364998244515432,4.426544532544892,1.0016722935978797,1.2552235643424758,0.7481210228532835,random_disjoint
gap60__time_matched_feature_uniform,Overall,DBP_train_median_deviation_>20,721,1873,10.394635337362043,8.9003831494804,9.647509243421222,1.264608131163003,1.7613878959094809,0.7678283664165253,random_disjoint
gap60__time_matched_feature_uniform,MIMIC,DBP_train_median_deviation_>20,319,929,10.40427610048139,10.991466703095083,10.697871401788236,-0.4672689430645231,-0.1135862371757809,-0.8209516489532653,random_disjoint
gap60__time_matched_feature_uniform,VitalDB,DBP_train_median_deviation_>20,402,944,10.386985080060878,7.2410407275821775,8.814012903821528,2.6389085955375826,3.249240504004505,2.028576687070661,random_disjoint
gap60__time_stratum_random_uniform,Overall,SBP_train_median_deviation_0-10,2051,50195,5.430530806851482,3.1858682082418976,4.308199507546689,1.718242691222497,2.1547054463376747,1.28177993610732,random_disjoint
gap60__time_stratum_random_uniform,MIMIC,SBP_train_median_deviation_0-10,1011,25757,4.666695612509689,2.722364900538921,3.694530256524305,0.9093226896748066,1.1505414718538989,0.6681039074957136,random_disjoint
gap60__time_stratum_random_uniform,VitalDB,SBP_train_median_deviation_0-10,1040,24438,6.173066750581819,3.636446904480081,4.90475682753095,2.504606269650109,3.130868694609884,1.8783438446903349,random_disjoint
gap60__time_stratum_random_uniform,Overall,SBP_train_median_deviation_10-20,2029,20839,9.328680141088492,4.796433816296806,7.062556978692649,3.860052736716188,5.170984715129036,2.549120758303339,random_disjoint
gap60__time_stratum_random_uniform,MIMIC,SBP_train_median_deviation_10-20,991,9707,7.872549373423508,3.8010994357897463,5.836824404606627,2.22043240325744,3.1398792759733336,1.3009855305415456,random_disjoint
gap60__time_stratum_random_uniform,VitalDB,SBP_train_median_deviation_10-20,1038,11132,10.71887820540063,5.746700069748149,8.23278913757439,5.425432072417168,7.110122952319115,3.740741192515223,random_disjoint
gap60__time_stratum_random_uniform,Overall,SBP_train_median_deviation_>20,1744,11006,17.50091301325847,8.443283968239209,12.972098490748838,8.321505143977983,11.293536698135242,5.349473589820725,random_disjoint
gap60__time_stratum_random_uniform,MIMIC,SBP_train_median_deviation_>20,805,4976,13.749488440024276,6.101136670525813,9.925312555275044,4.210503038156508,6.030954767784976,2.3900513085280397,random_disjoint
gap60__time_stratum_random_uniform,VitalDB,SBP_train_median_deviation_>20,939,6030,20.71699052279364,10.451195123360916,15.584092823077278,11.845846672397888,15.805121846092607,7.886571498703164,random_disjoint
gap60__time_stratum_random_uniform,Overall,DBP_train_median_deviation_0-10,2051,69707,6.665991813642629,3.367068485912302,5.0165301497774655,2.34104114103761,3.163854669784808,1.518227612290414,random_disjoint
gap60__time_stratum_random_uniform,MIMIC,DBP_train_median_deviation_0-10,1011,35229,5.676183161318453,2.730249408607264,4.203216284962858,1.3205901452198945,1.854207539678666,0.7869727507611242,random_disjoint
gap60__time_stratum_random_uniform,VitalDB,DBP_train_median_deviation_0-10,1040,34478,7.628200032392383,3.986130108177104,5.807165070284744,3.3330372533181034,4.436982793378376,2.22909171325783,random_disjoint
gap60__time_stratum_random_uniform,Overall,DBP_train_median_deviation_10-20,1762,10460,14.064087171103283,8.344268112521702,11.204177641812493,6.993407289756064,8.907103506036353,5.079711073475776,random_disjoint
gap60__time_stratum_random_uniform,MIMIC,DBP_train_median_deviation_10-20,791,4282,11.028680751079005,6.712399906969412,8.870540329024207,3.695032849497181,4.737288700450963,2.6527769985434,random_disjoint
gap60__time_stratum_random_uniform,VitalDB,DBP_train_median_deviation_10-20,971,6178,16.536802390711124,9.673627278939684,13.105214834825404,9.68034259587839,12.303935134479246,7.056750057277535,random_disjoint
gap60__time_stratum_random_uniform,Overall,DBP_train_median_deviation_>20,721,1873,24.806544014773888,18.06063890861723,21.43359146169556,13.050690349437335,16.173296573321323,9.928084125553356,random_disjoint
gap60__time_stratum_random_uniform,MIMIC,DBP_train_median_deviation_>20,319,929,15.951443818261104,14.98733876668498,15.46939129247304,4.304250947620281,5.433581480603934,3.174920414636629,random_disjoint
gap60__time_stratum_random_uniform,VitalDB,DBP_train_median_deviation_>20,402,944,31.83335237966836,20.499401956568445,26.1663771681184,19.991272859834456,24.695607803611985,15.286937916056928,random_disjoint
gap300__fixed_blend,Overall,SBP_train_median_deviation_0-10,2051,50195,3.725414273390432,2.143541386342916,2.934477829866674,0.3445210135424816,0.4495889128766253,0.2394531142083376,random_disjoint
gap300__fixed_blend,MIMIC,SBP_train_median_deviation_0-10,1011,25757,3.756539261705144,2.1804252573643272,2.968482259534736,0.1832746926852371,0.2403851210493539,0.1261642643211198,random_disjoint
gap300__fixed_blend,VitalDB,SBP_train_median_deviation_0-10,1040,24438,3.6951571934037264,2.107686007878831,2.901421600641279,0.5012710427604379,0.6529591374317905,0.3495829480890846,random_disjoint
gap300__fixed_blend,Overall,SBP_train_median_deviation_10-20,2029,20839,4.791904841387809,2.5899167611757075,3.690910801281758,0.4884065593052966,0.6342094154283524,0.3426037031822408,random_disjoint
gap300__fixed_blend,MIMIC,SBP_train_median_deviation_10-20,991,9707,5.047935167194322,2.652327691651412,3.850131429422867,0.2337394280736791,0.3152650697441475,0.1522137864032102,random_disjoint
gap300__fixed_blend,VitalDB,SBP_train_median_deviation_10-20,1038,11132,4.547467410873114,2.530331759151216,3.538899585012165,0.7315425198549441,0.9387121577915988,0.5243728819182896,random_disjoint
gap300__fixed_blend,Overall,SBP_train_median_deviation_>20,1744,11006,7.405935629190638,3.677344148976584,5.541639889083611,0.8910465423127558,1.198559314067411,0.5835337705581005,random_disjoint
gap300__fixed_blend,MIMIC,SBP_train_median_deviation_>20,805,4976,8.276717474110308,3.968065612749556,6.122391543429932,0.4075820263113945,0.5581838018710075,0.256980250751782,random_disjoint
gap300__fixed_blend,VitalDB,SBP_train_median_deviation_>20,939,6030,6.65941871208698,3.428110093239373,5.043764402663177,1.3055182519837856,1.747550035385948,0.8634864685816224,random_disjoint
gap300__fixed_blend,Overall,DBP_train_median_deviation_0-10,2051,69707,3.9915007405435214,2.111000864964036,3.0512508027537786,0.3757617940139237,0.4893635966857004,0.2621599913421475,random_disjoint
gap300__fixed_blend,MIMIC,DBP_train_median_deviation_0-10,1011,35229,4.081426112732391,2.085692118921729,3.08355911582706,0.2009329760840965,0.2594504910926041,0.1424154610755887,random_disjoint
gap300__fixed_blend,VitalDB,DBP_train_median_deviation_0-10,1040,34478,3.9040829027714574,2.135603886357086,3.019843394564272,0.5457155775976315,0.7128656637574506,0.3785654914378118,random_disjoint
gap300__fixed_blend,Overall,DBP_train_median_deviation_10-20,1762,10460,6.110043125112862,3.8351166799938623,4.972579902553362,0.7618095504969338,0.9530594600459308,0.5705596409479363,random_disjoint
gap300__fixed_blend,MIMIC,DBP_train_median_deviation_10-20,791,4282,6.690839689479073,4.290368327060901,5.490604008269987,0.315096528742961,0.3994476388510337,0.2307454186348891,random_disjoint
gap300__fixed_blend,VitalDB,DBP_train_median_deviation_10-20,971,6178,5.636912247240902,3.464257717244092,4.550584982242497,1.125712743295484,1.404044991009025,0.8473804955819433,random_disjoint
gap300__fixed_blend,Overall,DBP_train_median_deviation_>20,721,1873,10.337273962240412,9.118814047997564,9.728044005118988,1.3451428928607694,1.704026520787849,0.9862592649336914,random_disjoint
gap300__fixed_blend,MIMIC,DBP_train_median_deviation_>20,319,929,10.791324921232489,11.73336749777412,11.262346209503304,0.097205864650542,0.2734625835753164,-0.0790508542742305,random_disjoint
gap300__fixed_blend,VitalDB,DBP_train_median_deviation_>20,402,944,9.976969843040235,7.044081335363931,8.510525589202082,2.335421280918137,2.8392252669838625,1.831617294852414,random_disjoint
gap300__trained_blend,Overall,SBP_train_median_deviation_0-10,2051,50195,3.725414273390432,2.143541386342916,2.934477829866674,0.3445210135424816,0.4495889128766253,0.2394531142083376,random_disjoint
gap300__trained_blend,MIMIC,SBP_train_median_deviation_0-10,1011,25757,3.756539261705144,2.1804252573643272,2.968482259534736,0.1832746926852371,0.2403851210493539,0.1261642643211198,random_disjoint
gap300__trained_blend,VitalDB,SBP_train_median_deviation_0-10,1040,24438,3.6951571934037264,2.107686007878831,2.901421600641279,0.5012710427604379,0.6529591374317905,0.3495829480890846,random_disjoint
gap300__trained_blend,Overall,SBP_train_median_deviation_10-20,2029,20839,4.791904841387809,2.5899167611757075,3.690910801281758,0.4884065593052966,0.6342094154283524,0.3426037031822408,random_disjoint
gap300__trained_blend,MIMIC,SBP_train_median_deviation_10-20,991,9707,5.047935167194322,2.652327691651412,3.850131429422867,0.2337394280736791,0.3152650697441475,0.1522137864032102,random_disjoint
gap300__trained_blend,VitalDB,SBP_train_median_deviation_10-20,1038,11132,4.547467410873114,2.530331759151216,3.538899585012165,0.7315425198549441,0.9387121577915988,0.5243728819182896,random_disjoint
gap300__trained_blend,Overall,SBP_train_median_deviation_>20,1744,11006,7.405935629190638,3.677344148976584,5.541639889083611,0.8910465423127558,1.198559314067411,0.5835337705581005,random_disjoint
gap300__trained_blend,MIMIC,SBP_train_median_deviation_>20,805,4976,8.276717474110308,3.968065612749556,6.122391543429932,0.4075820263113945,0.5581838018710075,0.256980250751782,random_disjoint
gap300__trained_blend,VitalDB,SBP_train_median_deviation_>20,939,6030,6.65941871208698,3.428110093239373,5.043764402663177,1.3055182519837856,1.747550035385948,0.8634864685816224,random_disjoint
gap300__trained_blend,Overall,DBP_train_median_deviation_0-10,2051,69707,3.9915007405435214,2.111000864964036,3.0512508027537786,0.3757617940139237,0.4893635966857004,0.2621599913421475,random_disjoint
gap300__trained_blend,MIMIC,DBP_train_median_deviation_0-10,1011,35229,4.081426112732391,2.085692118921729,3.08355911582706,0.2009329760840965,0.2594504910926041,0.1424154610755887,random_disjoint
gap300__trained_blend,VitalDB,DBP_train_median_deviation_0-10,1040,34478,3.9040829027714574,2.135603886357086,3.019843394564272,0.5457155775976315,0.7128656637574506,0.3785654914378118,random_disjoint
gap300__trained_blend,Overall,DBP_train_median_deviation_10-20,1762,10460,6.110043125112862,3.8351166799938623,4.972579902553362,0.7618095504969338,0.9530594600459308,0.5705596409479363,random_disjoint
gap300__trained_blend,MIMIC,DBP_train_median_deviation_10-20,791,4282,6.690839689479073,4.290368327060901,5.490604008269987,0.315096528742961,0.3994476388510337,0.2307454186348891,random_disjoint
gap300__trained_blend,VitalDB,DBP_train_median_deviation_10-20,971,6178,5.636912247240902,3.464257717244092,4.550584982242497,1.125712743295484,1.404044991009025,0.8473804955819433,random_disjoint
gap300__trained_blend,Overall,DBP_train_median_deviation_>20,721,1873,10.337273962240412,9.118814047997564,9.728044005118988,1.3451428928607694,1.704026520787849,0.9862592649336914,random_disjoint
gap300__trained_blend,MIMIC,DBP_train_median_deviation_>20,319,929,10.791324921232489,11.73336749777412,11.262346209503304,0.097205864650542,0.2734625835753164,-0.0790508542742305,random_disjoint
gap300__trained_blend,VitalDB,DBP_train_median_deviation_>20,402,944,9.976969843040235,7.044081335363931,8.510525589202082,2.335421280918137,2.8392252669838625,1.831617294852414,random_disjoint
gap300__D0_frozen_lora,Overall,SBP_train_median_deviation_0-10,2051,50195,3.275825360513807,1.9040882721345775,2.589956816324192,0.0,0.0,0.0,random_disjoint
gap300__D0_frozen_lora,MIMIC,SBP_train_median_deviation_0-10,1011,25757,3.5161541406557903,2.0542609930432074,2.7852075668494987,0.0,0.0,0.0,random_disjoint
gap300__D0_frozen_lora,VitalDB,SBP_train_median_deviation_0-10,1040,24438,3.042198055971936,1.7581030597897465,2.400150557880841,0.0,0.0,0.0,random_disjoint
gap300__D0_frozen_lora,Overall,SBP_train_median_deviation_10-20,2029,20839,4.1576954259594565,2.2473130579934666,3.2025042419764613,0.0,0.0,0.0,random_disjoint
gap300__D0_frozen_lora,MIMIC,SBP_train_median_deviation_10-20,991,9707,4.732670097450175,2.500113905248201,3.616392001349188,0.0,0.0,0.0,random_disjoint
gap300__D0_frozen_lora,VitalDB,SBP_train_median_deviation_10-20,1038,11132,3.608755253081516,2.0059588772329264,2.807357065157221,0.0,0.0,0.0,random_disjoint
gap300__D0_frozen_lora,Overall,SBP_train_median_deviation_>20,1744,11006,6.207376316399166,3.0938103778381705,4.650593347118669,3.478133336898281e-10,1.2759393541728061e-09,-5.803131308823595e-10,random_disjoint
gap300__D0_frozen_lora,MIMIC,SBP_train_median_deviation_>20,805,4976,7.718533675003574,3.7110853617409534,5.714809518372263,1.2537260118961058e-09,2.764273254740601e-09,-2.5682034276997e-10,random_disjoint
gap300__D0_frozen_lora,VitalDB,SBP_train_median_deviation_>20,939,6030,4.911868676701032,2.564623623800109,3.738246150250571,-4.2882053463699776e-10,0.0,-8.576410692739954e-10,random_disjoint
gap300__D0_frozen_lora,Overall,DBP_train_median_deviation_0-10,2051,69707,3.502137143857821,1.848840873621888,2.675489008739855,0.0,0.0,0.0,random_disjoint
gap300__D0_frozen_lora,MIMIC,DBP_train_median_deviation_0-10,1011,35229,3.821975621639787,1.94327665784614,2.882626139742964,0.0,0.0,0.0,random_disjoint
gap300__D0_frozen_lora,VitalDB,DBP_train_median_deviation_0-10,1040,34478,3.191217239014007,1.7570383949192745,2.4741278169666403,0.0,0.0,0.0,random_disjoint
gap300__D0_frozen_lora,Overall,DBP_train_median_deviation_10-20,1762,10460,5.156983667231913,3.264557039045926,4.210770353138919,1.0824905416484396e-09,2.1649810832968797e-09,0.0,random_disjoint
gap300__D0_frozen_lora,MIMIC,DBP_train_median_deviation_10-20,791,4282,6.291392055450666,4.059622908426012,5.17550748193834,2.41131381528703e-09,4.8226267423956415e-09,0.0,random_disjoint
gap300__D0_frozen_lora,VitalDB,DBP_train_median_deviation_10-20,971,6178,4.232867256231877,2.6168772216621483,3.424872238947013,0.0,0.0,0.0,random_disjoint
gap300__D0_frozen_lora,Overall,DBP_train_median_deviation_>20,721,1873,8.633247441981649,8.132554768967559,8.382901105474604,-6.783615447147895e-09,5.290843319016858e-10,-1.4096315226197476e-08,random_disjoint
gap300__D0_frozen_lora,MIMIC,DBP_train_median_deviation_>20,319,929,10.517862338853,11.812418350083774,11.165140344468387,-3.8437342197994434e-10,1.1958292134295332e-09,-1.964576057389422e-09,random_disjoint
gap300__D0_frozen_lora,VitalDB,DBP_train_median_deviation_>20,402,944,7.137744576056373,5.212464016788275,6.175104296422324,-1.1861621018738331e-08,0.0,-2.372324114929825e-08,random_disjoint
gap300__feature_knn,Overall,SBP_train_median_deviation_0-10,2051,50195,4.27778876007081,2.4509887902431275,3.3643887751569688,0.7744319588327766,1.001963399557003,0.5469005181085498,random_disjoint
gap300__feature_knn,MIMIC,SBP_train_median_deviation_0-10,1011,25757,4.051104087893471,2.3438291997119234,3.197466643802697,0.4122590769531982,0.5349499472376804,0.2895682066687159,random_disjoint
gap300__feature_knn,VitalDB,SBP_train_median_deviation_0-10,1040,24438,4.498152417350896,2.5551602768075963,3.5266563470792462,1.1265057891984052,1.4559543613789605,0.7970572170178498,random_disjoint
gap300__feature_knn,Overall,SBP_train_median_deviation_10-20,2029,20839,5.511127784734906,2.989923965027746,4.250525874881326,1.0480216329048648,1.353432358775449,0.7426109070342792,random_disjoint
gap300__feature_knn,MIMIC,SBP_train_median_deviation_10-20,991,9707,5.399783207197735,2.859550097981037,4.1296666525893855,0.5132746512401978,0.66711310974756,0.359436192732836,random_disjoint
gap300__feature_knn,VitalDB,SBP_train_median_deviation_10-20,1038,11132,5.617430748452956,3.1143945837592373,4.365912666106096,1.5585556009488752,2.0086754953714405,1.1084357065263108,random_disjoint
gap300__feature_knn,Overall,SBP_train_median_deviation_>20,1744,11006,8.862059124604173,4.447002584254169,6.65453085442917,2.003937507658315,2.6546828094809456,1.3531922058356851,random_disjoint
gap300__feature_knn,MIMIC,SBP_train_median_deviation_>20,805,4976,8.774115278068734,4.246012114641674,6.510063696355204,0.7952541792366672,1.0555816058294338,0.5349267526439005,random_disjoint
gap300__feature_knn,VitalDB,SBP_train_median_deviation_>20,939,6030,8.93745294405149,4.619310707830377,6.778381825940933,3.0401356752615416,4.025584267350458,2.0546870831726265,random_disjoint
gap300__feature_knn,Overall,DBP_train_median_deviation_0-10,2051,69707,4.552427257752341,2.4265445618664843,3.489485909809413,0.813996901069558,1.05029011389452,0.5777036882445961,random_disjoint
gap300__feature_knn,MIMIC,DBP_train_median_deviation_0-10,1011,35229,4.366307451493868,2.2549573504757667,3.3106324009848174,0.4280062612418538,0.5443318298540811,0.3116806926296267,random_disjoint
gap300__feature_knn,VitalDB,DBP_train_median_deviation_0-10,1040,34478,4.733357184797838,2.5933471298626523,3.663352157330245,1.1892243403636051,1.5421399457838314,0.836308734943378,random_disjoint
gap300__feature_knn,Overall,DBP_train_median_deviation_10-20,1762,10460,7.26098317344039,4.546925624675441,5.903954399057915,1.6931840470014867,2.103999508373458,1.282368585629515,random_disjoint
gap300__feature_knn,MIMIC,DBP_train_median_deviation_10-20,791,4282,7.171899056418003,4.679936500622707,5.925917778520356,0.7504102989933301,0.8805070057899638,0.6203135921966956,random_disjoint
gap300__feature_knn,VitalDB,DBP_train_median_deviation_10-20,971,6178,7.333553241993129,4.4385717597173695,5.88606250085525,2.4611902619082366,3.100685985761252,1.8216945380552207,random_disjoint
gap300__feature_knn,Overall,DBP_train_median_deviation_>20,721,1873,12.82118602475684,10.653422598656178,11.73730431170651,3.3544031994482904,4.187938583304275,2.520867815592304,random_disjoint
gap300__feature_knn,MIMIC,DBP_train_median_deviation_>20,319,929,11.125410000875162,11.795964549091748,11.460687274983457,0.2955469301306941,0.607547663217991,-0.0164538029566028,random_disjoint
gap300__feature_knn,VitalDB,DBP_train_median_deviation_>20,402,944,14.16683913823509,9.74677861311153,11.95680887567331,5.781704567389365,7.0290945621787175,4.534314572600014,random_disjoint
gap300__nearest_record_time_bp,Overall,SBP_train_median_deviation_0-10,2051,50195,7.072200063452502,3.835465071167642,5.453832567310072,2.86387575098588,3.796374702938696,1.9313767990330644,random_disjoint
gap300__nearest_record_time_bp,MIMIC,SBP_train_median_deviation_0-10,1011,25757,5.521000673621626,2.855242727434113,4.188121700527869,1.4029141336783706,2.004846532965836,0.800981734390906,random_disjoint
gap300__nearest_record_time_bp,VitalDB,SBP_train_median_deviation_0-10,1040,24438,8.580144854913096,4.788354291854755,6.684249573383925,4.284099015503084,5.53794679894116,3.030251232065008,random_disjoint
gap300__nearest_record_time_bp,Overall,SBP_train_median_deviation_10-20,2029,20839,9.303529618579606,4.936003589125102,7.119766603852354,3.917262361875893,5.14583419262015,2.688690531131636,random_disjoint
gap300__nearest_record_time_bp,MIMIC,SBP_train_median_deviation_10-20,991,9707,7.078285584929297,3.563208850131875,5.320747217530586,1.7043552161813986,2.3456154874791224,1.063094944883674,random_disjoint
gap300__nearest_record_time_bp,VitalDB,SBP_train_median_deviation_10-20,1038,11132,11.42801597440567,6.246639028761218,8.837327501583443,6.029970436426222,7.819260721324154,4.240680151528292,random_disjoint
gap300__nearest_record_time_bp,Overall,SBP_train_median_deviation_>20,1744,11006,15.32078496502754,7.898601236642561,11.60969310083505,6.959099754064195,9.113408649904311,4.804790858224077,random_disjoint
gap300__nearest_record_time_bp,MIMIC,SBP_train_median_deviation_>20,805,4976,10.909537638500158,5.303763782988784,8.106650710744471,2.3918411936259343,3.1910039662608574,1.5926784209910103,random_disjoint
gap300__nearest_record_time_bp,VitalDB,SBP_train_median_deviation_>20,939,6030,19.10252521833376,10.123142397655652,14.612833807994706,10.874587657315317,14.190656541632729,7.558518772997901,random_disjoint
gap300__nearest_record_time_bp,Overall,DBP_train_median_deviation_0-10,2051,69707,7.61119434781281,3.94959017842135,5.78039226311708,3.1049032543772253,4.109057203954989,2.1007493047994616,random_disjoint
gap300__nearest_record_time_bp,MIMIC,DBP_train_median_deviation_0-10,1011,35229,5.88757309430398,2.8645575970792785,4.37606534569163,1.493439205948666,2.065597472664193,0.9212809392331384,random_disjoint
gap300__nearest_record_time_bp,VitalDB,DBP_train_median_deviation_0-10,1040,34478,9.2867530855988,5.004367043552919,7.145560064575859,4.671432247609219,6.095535846584793,3.247328648633645,random_disjoint
gap300__nearest_record_time_bp,Overall,DBP_train_median_deviation_10-20,1762,10460,13.070013359020628,7.474540678155182,10.272277018587904,6.061506666531477,7.913029693953696,4.209983639109256,random_disjoint
gap300__nearest_record_time_bp,MIMIC,DBP_train_median_deviation_10-20,791,4282,9.383886827790825,5.444347630956785,7.4141172293738045,2.2386097498467787,3.0924947771627838,1.3847247225307733,random_disjoint
gap300__nearest_record_time_bp,VitalDB,DBP_train_median_deviation_10-20,971,6178,16.07282086283399,9.128384859755522,12.600602861294757,9.175730622347745,11.839953606602112,6.511507638093374,random_disjoint
gap300__nearest_record_time_bp,Overall,DBP_train_median_deviation_>20,721,1873,23.55708896600905,16.509782652452863,20.03343580923096,11.65053469697274,14.92384152455649,8.377227869388989,random_disjoint
gap300__nearest_record_time_bp,MIMIC,DBP_train_median_deviation_>20,319,929,14.1714936946994,12.254978795185965,13.21323624494268,2.048095900089921,3.653631357042229,0.442560443137614,random_disjoint
gap300__nearest_record_time_bp,VitalDB,DBP_train_median_deviation_>20,402,944,31.004862328068224,19.88610710635371,25.445484717210967,19.27038040892702,23.86711775201185,14.673643065842192,random_disjoint
gap300__time_matched_feature_uniform,Overall,SBP_train_median_deviation_0-10,2051,50195,4.279482712227938,2.450738911791656,3.365110812009797,0.7751539956856046,1.0036573517141307,0.546650639657078,random_disjoint
gap300__time_matched_feature_uniform,MIMIC,SBP_train_median_deviation_0-10,1011,25757,4.043408949573555,2.3359826499743312,3.1896957997739435,0.4044882329244448,0.5272548089177649,0.2817216569311238,random_disjoint
gap300__time_matched_feature_uniform,VitalDB,SBP_train_median_deviation_0-10,1040,24438,4.508973648808304,2.5622952393852283,3.5356344440967664,1.135483886215925,1.4667755928363682,0.8041921795954818,random_disjoint
gap300__time_matched_feature_uniform,Overall,SBP_train_median_deviation_10-20,2029,20839,5.5198877802169735,2.994729811621842,4.257308795919408,1.0548045539429465,1.362192354257517,0.7474167536283756,random_disjoint
gap300__time_matched_feature_uniform,MIMIC,SBP_train_median_deviation_10-20,991,9707,5.40395684470075,2.8515017152034408,4.127729279952096,0.511337278602908,0.6712867472505755,0.3513878099552396,random_disjoint
gap300__time_matched_feature_uniform,VitalDB,SBP_train_median_deviation_10-20,1038,11132,5.630569434452597,3.131472628144613,4.381021031298605,1.573663966141384,2.0218141813710813,1.1255137509116868,random_disjoint
gap300__time_matched_feature_uniform,Overall,SBP_train_median_deviation_>20,1744,11006,8.920632087248844,4.457515058632526,6.689073572940686,2.0384802261698303,2.713255772125617,1.363704680214043,random_disjoint
gap300__time_matched_feature_uniform,MIMIC,SBP_train_median_deviation_>20,805,4976,8.771950016350512,4.221217621963499,6.496583819157006,0.7817743020384684,1.053416344111212,0.510132259965725,random_disjoint
gap300__time_matched_feature_uniform,VitalDB,SBP_train_median_deviation_>20,939,6030,9.048096482427926,4.66009166834346,6.854094075385693,3.115847924706302,4.136227805726894,2.0954680436857096,random_disjoint
gap300__time_matched_feature_uniform,Overall,DBP_train_median_deviation_0-10,2051,69707,4.5588788148448325,2.4244972048891067,3.4916880098669694,0.8161990011271145,1.0567416709870114,0.5756563312672185,random_disjoint
gap300__time_matched_feature_uniform,MIMIC,DBP_train_median_deviation_0-10,1011,35229,4.367783558787934,2.2443084448320887,3.3060460018100115,0.4234198620670479,0.5458079371481475,0.3010317869859487,random_disjoint
gap300__time_matched_feature_uniform,VitalDB,DBP_train_median_deviation_0-10,1040,34478,4.74464545318476,2.599661470675304,3.672153461930032,1.1980256449633917,1.5534282141707534,0.8426230757560296,random_disjoint
gap300__time_matched_feature_uniform,Overall,DBP_train_median_deviation_10-20,1762,10460,7.26125672731463,4.562073386565378,5.911665056940004,1.7008947048835754,2.1042730622476986,1.2975163475194518,random_disjoint
gap300__time_matched_feature_uniform,MIMIC,DBP_train_median_deviation_10-20,791,4282,7.09371011192651,4.65344646898357,5.87357829045504,0.698070810928014,0.8023180612984699,0.5938235605575581,random_disjoint
gap300__time_matched_feature_uniform,VitalDB,DBP_train_median_deviation_10-20,971,6178,7.397744237893416,4.487638671639746,5.942691454766582,2.5178192158195687,3.164876981661539,1.8707614499775975,random_disjoint
gap300__time_matched_feature_uniform,Overall,DBP_train_median_deviation_>20,721,1873,12.91028361704594,10.79582228452208,11.85305295078401,3.4701518385257906,4.277036175593375,2.663267501458206,random_disjoint
gap300__time_matched_feature_uniform,MIMIC,DBP_train_median_deviation_>20,319,929,11.189478312684756,11.982574153459383,11.586026233072069,0.420885888219308,0.671615975027585,0.1701558014110329,random_disjoint
gap300__time_matched_feature_uniform,VitalDB,DBP_train_median_deviation_>20,402,944,14.275798273989263,9.85409629897233,12.064947286480797,5.889842978196851,7.13805369793289,4.641632258460813,random_disjoint
gap300__time_stratum_random_uniform,Overall,SBP_train_median_deviation_0-10,2051,50195,5.825132014644136,3.449158970286441,4.637145492465288,2.047188676141096,2.5493066541303286,1.5450706981518634,random_disjoint
gap300__time_stratum_random_uniform,MIMIC,SBP_train_median_deviation_0-10,1011,25757,5.030792142628858,2.9696692832061964,4.000230712917527,1.2150231460680283,1.5146380019730676,0.915408290162989,random_disjoint
gap300__time_stratum_random_uniform,VitalDB,SBP_train_median_deviation_0-10,1040,24438,6.597322024843604,3.9152782718615633,5.256300148352583,2.856149590471742,3.555123968871668,2.1571752120718166,random_disjoint
gap300__time_stratum_random_uniform,Overall,SBP_train_median_deviation_10-20,2029,20839,10.336739128135708,5.307287146206564,7.822013137171136,4.619508895194675,6.179043702176251,3.059974088213097,random_disjoint
gap300__time_stratum_random_uniform,MIMIC,SBP_train_median_deviation_10-20,991,9707,8.566366287657766,4.148684685613515,6.357525486635641,2.7411334852864533,3.833696190207592,1.6485707803653136,random_disjoint
gap300__time_stratum_random_uniform,VitalDB,SBP_train_median_deviation_10-20,1038,11132,12.02695057795617,6.4134288017438585,9.220189689850011,6.412832624692792,8.418195324874654,4.407469924510933,random_disjoint
gap300__time_stratum_random_uniform,Overall,SBP_train_median_deviation_>20,1744,11006,19.57728786215521,9.32757840010942,14.452433131132311,9.80183978436146,13.36991154703198,6.233768021690937,random_disjoint
gap300__time_stratum_random_uniform,MIMIC,SBP_train_median_deviation_>20,805,4976,15.171092490273852,6.680770417261478,10.925931453767664,5.211121936649127,7.452558818034551,2.969685055263704,random_disjoint
gap300__time_stratum_random_uniform,VitalDB,SBP_train_median_deviation_>20,939,6030,23.35469710003007,11.596673635671287,17.47568536785068,13.73743921717129,18.44282842332904,9.032050011013537,random_disjoint
gap300__time_stratum_random_uniform,Overall,DBP_train_median_deviation_0-10,2051,69707,7.287407464703405,3.6598915415553495,5.473649503129377,2.7981604943895224,3.785270320845585,1.8110506679334613,random_disjoint
gap300__time_stratum_random_uniform,MIMIC,DBP_train_median_deviation_0-10,1011,35229,6.160450545263241,2.9729356063244303,4.566693075793836,1.6840669360508724,2.338474923623454,1.0296589484782903,random_disjoint
gap300__time_stratum_random_uniform,VitalDB,DBP_train_median_deviation_0-10,1040,34478,8.382939623889953,4.327691974746176,6.355315799318065,3.881187982351425,5.191722384875947,2.5706535798269017,random_disjoint
gap300__time_stratum_random_uniform,Overall,DBP_train_median_deviation_10-20,1762,10460,15.607344107497756,9.35986580267934,12.483604955088548,8.27283460303212,10.450360442430824,6.095308763633414,random_disjoint
gap300__time_stratum_random_uniform,MIMIC,DBP_train_median_deviation_10-20,791,4282,12.051445570172746,7.419547670829989,9.735496620501369,4.559989140974341,5.760053519544706,3.3599247624039776,random_disjoint
gap300__time_stratum_random_uniform,VitalDB,DBP_train_median_deviation_10-20,971,6178,18.50406474912915,10.940495712352703,14.722280230740928,11.297407991793914,14.271197492897272,8.323618490690556,random_disjoint
gap300__time_stratum_random_uniform,Overall,DBP_train_median_deviation_>20,721,1873,26.682205348099277,19.47402331661648,23.07811433235788,14.695213220099658,18.04895790664671,11.341468533552604,random_disjoint
gap300__time_stratum_random_uniform,MIMIC,DBP_train_median_deviation_>20,319,929,16.499997481367714,15.966513877248524,16.23325567930812,5.068115334455358,5.982135143710544,4.154095525200173,random_disjoint
gap300__time_stratum_random_uniform,VitalDB,DBP_train_median_deviation_>20,402,944,34.76211656572955,22.257345483677117,28.50973102470333,22.334626716419383,27.624371989673172,17.044881443165597,random_disjoint
past_gap0__fixed_blend,Overall,SBP_train_median_deviation_0-10,2051,50195,3.2402447318375094,1.867056759347869,2.553650745592689,-0.036306070731503,-0.0355806286762976,-0.0370315127867086,random_disjoint
past_gap0__fixed_blend,MIMIC,SBP_train_median_deviation_0-10,1011,25757,3.4593453737568067,1.993157151169592,2.726251262463199,-0.0589563043862995,-0.0568087668989836,-0.0611038418736153,random_disjoint
past_gap0__fixed_blend,VitalDB,SBP_train_median_deviation_0-10,1040,24438,3.0272536270486534,1.744472628451944,2.385863127750299,-0.0142874301305422,-0.0149444289232825,-0.0136304313378023,random_disjoint
past_gap0__fixed_blend,Overall,SBP_train_median_deviation_10-20,2029,20839,4.111624462114552,2.223453209559423,3.167538835836988,-0.0349654061394737,-0.0460709638449046,-0.0238598484340437,random_disjoint
past_gap0__fixed_blend,MIMIC,SBP_train_median_deviation_10-20,991,9707,4.639700567234672,2.4325853723646165,3.536142969799644,-0.0802490315495436,-0.0929695302155027,-0.0675285328835846,random_disjoint
past_gap0__fixed_blend,VitalDB,SBP_train_median_deviation_10-20,1038,11132,3.6074593174382144,2.023790422141362,2.8156248697897883,0.0082678046325672,-0.0012959356433013,0.0178315449084354,random_disjoint
past_gap0__fixed_blend,Overall,SBP_train_median_deviation_>20,1744,11006,6.221808015619426,3.0855991014282598,4.653703558523842,0.003110211752987,0.0144317004961989,-0.0082112769902242,random_disjoint
past_gap0__fixed_blend,MIMIC,SBP_train_median_deviation_>20,805,4976,7.53890748646889,3.604710184654913,5.571808835561901,-0.1430006815566358,-0.1796261857704104,-0.1063751773428611,random_disjoint
past_gap0__fixed_blend,VitalDB,SBP_train_median_deviation_>20,939,6030,5.092665231770844,2.6405677680976347,3.86661649993424,0.128370349254848,0.1807965550698114,0.0759441434398842,random_disjoint
past_gap0__fixed_blend,Overall,DBP_train_median_deviation_0-10,2051,69707,3.45775128230795,1.8305375620866613,2.6441444221973054,-0.0313445865425494,-0.0443858615498711,-0.0183033115352269,random_disjoint
past_gap0__fixed_blend,MIMIC,DBP_train_median_deviation_0-10,1011,35229,3.764725381674758,1.910201746459544,2.837463564067151,-0.0451625756758127,-0.0572502399650289,-0.033074911386596,random_disjoint
past_gap0__fixed_blend,VitalDB,DBP_train_median_deviation_0-10,1040,34478,3.159337037635025,1.753094782854945,2.456215910244985,-0.0179119067216553,-0.0318802013789816,-0.0039436120643292,random_disjoint
past_gap0__fixed_blend,Overall,DBP_train_median_deviation_10-20,1762,10460,5.146848833789783,3.184999064968661,4.165923949379223,-0.0448464026772059,-0.0101348312771483,-0.0795579740772645,random_disjoint
past_gap0__fixed_blend,MIMIC,DBP_train_median_deviation_10-20,791,4282,6.116194932734619,3.8303562805899936,4.973275606662306,-0.2022318728647194,-0.175197117893421,-0.2292666278360173,random_disjoint
past_gap0__fixed_blend,VitalDB,DBP_train_median_deviation_10-20,971,6178,4.357196141446464,2.659275524745723,3.508235833096093,0.0833635941490804,0.1243288852145871,0.0423983030835746,random_disjoint
past_gap0__fixed_blend,Overall,DBP_train_median_deviation_>20,721,1873,8.918512306273875,7.935204768048949,8.426858537161412,0.0439574249031924,0.2852648648213112,-0.1973500150149254,random_disjoint
past_gap0__fixed_blend,MIMIC,DBP_train_median_deviation_>20,319,929,10.215105794134924,10.88656384270318,10.550834818419052,-0.614305526433709,-0.3027565435222481,-0.9258545093451698,random_disjoint
past_gap0__fixed_blend,VitalDB,DBP_train_median_deviation_>20,402,944,7.889623444015978,5.593205900350689,6.741414672183334,0.5663103638993885,0.7518788679596051,0.3807418598391727,random_disjoint
past_gap0__trained_blend,Overall,SBP_train_median_deviation_0-10,2051,50195,3.2402447318375094,1.867056759347869,2.553650745592689,-0.036306070731503,-0.0355806286762976,-0.0370315127867086,random_disjoint
past_gap0__trained_blend,MIMIC,SBP_train_median_deviation_0-10,1011,25757,3.4593453737568067,1.993157151169592,2.726251262463199,-0.0589563043862995,-0.0568087668989836,-0.0611038418736153,random_disjoint
past_gap0__trained_blend,VitalDB,SBP_train_median_deviation_0-10,1040,24438,3.0272536270486534,1.744472628451944,2.385863127750299,-0.0142874301305422,-0.0149444289232825,-0.0136304313378023,random_disjoint
past_gap0__trained_blend,Overall,SBP_train_median_deviation_10-20,2029,20839,4.111624462114552,2.223453209559423,3.167538835836988,-0.0349654061394737,-0.0460709638449046,-0.0238598484340437,random_disjoint
past_gap0__trained_blend,MIMIC,SBP_train_median_deviation_10-20,991,9707,4.639700567234672,2.4325853723646165,3.536142969799644,-0.0802490315495436,-0.0929695302155027,-0.0675285328835846,random_disjoint
past_gap0__trained_blend,VitalDB,SBP_train_median_deviation_10-20,1038,11132,3.6074593174382144,2.023790422141362,2.8156248697897883,0.0082678046325672,-0.0012959356433013,0.0178315449084354,random_disjoint
past_gap0__trained_blend,Overall,SBP_train_median_deviation_>20,1744,11006,6.221808015619426,3.0855991014282598,4.653703558523842,0.003110211752987,0.0144317004961989,-0.0082112769902242,random_disjoint
past_gap0__trained_blend,MIMIC,SBP_train_median_deviation_>20,805,4976,7.53890748646889,3.604710184654913,5.571808835561901,-0.1430006815566358,-0.1796261857704104,-0.1063751773428611,random_disjoint
past_gap0__trained_blend,VitalDB,SBP_train_median_deviation_>20,939,6030,5.092665231770844,2.6405677680976347,3.86661649993424,0.128370349254848,0.1807965550698114,0.0759441434398842,random_disjoint
past_gap0__trained_blend,Overall,DBP_train_median_deviation_0-10,2051,69707,3.45775128230795,1.8305375620866613,2.6441444221973054,-0.0313445865425494,-0.0443858615498711,-0.0183033115352269,random_disjoint
past_gap0__trained_blend,MIMIC,DBP_train_median_deviation_0-10,1011,35229,3.764725381674758,1.910201746459544,2.837463564067151,-0.0451625756758127,-0.0572502399650289,-0.033074911386596,random_disjoint
past_gap0__trained_blend,VitalDB,DBP_train_median_deviation_0-10,1040,34478,3.159337037635025,1.753094782854945,2.456215910244985,-0.0179119067216553,-0.0318802013789816,-0.0039436120643292,random_disjoint
past_gap0__trained_blend,Overall,DBP_train_median_deviation_10-20,1762,10460,5.146848833789783,3.184999064968661,4.165923949379223,-0.0448464026772059,-0.0101348312771483,-0.0795579740772645,random_disjoint
past_gap0__trained_blend,MIMIC,DBP_train_median_deviation_10-20,791,4282,6.116194932734619,3.8303562805899936,4.973275606662306,-0.2022318728647194,-0.175197117893421,-0.2292666278360173,random_disjoint
past_gap0__trained_blend,VitalDB,DBP_train_median_deviation_10-20,971,6178,4.357196141446464,2.659275524745723,3.508235833096093,0.0833635941490804,0.1243288852145871,0.0423983030835746,random_disjoint
past_gap0__trained_blend,Overall,DBP_train_median_deviation_>20,721,1873,8.918512306273875,7.935204768048949,8.426858537161412,0.0439574249031924,0.2852648648213112,-0.1973500150149254,random_disjoint
past_gap0__trained_blend,MIMIC,DBP_train_median_deviation_>20,319,929,10.215105794134924,10.88656384270318,10.550834818419052,-0.614305526433709,-0.3027565435222481,-0.9258545093451698,random_disjoint
past_gap0__trained_blend,VitalDB,DBP_train_median_deviation_>20,402,944,7.889623444015978,5.593205900350689,6.741414672183334,0.5663103638993885,0.7518788679596051,0.3807418598391727,random_disjoint
past_gap0__D0_frozen_lora,Overall,SBP_train_median_deviation_0-10,2051,50195,3.275825360513807,1.9040882721345775,2.589956816324192,0.0,0.0,0.0,random_disjoint
past_gap0__D0_frozen_lora,MIMIC,SBP_train_median_deviation_0-10,1011,25757,3.5161541406557903,2.0542609930432074,2.7852075668494987,0.0,0.0,0.0,random_disjoint
past_gap0__D0_frozen_lora,VitalDB,SBP_train_median_deviation_0-10,1040,24438,3.042198055971936,1.7581030597897465,2.400150557880841,0.0,0.0,0.0,random_disjoint
past_gap0__D0_frozen_lora,Overall,SBP_train_median_deviation_10-20,2029,20839,4.1576954259594565,2.2473130579934666,3.2025042419764613,0.0,0.0,0.0,random_disjoint
past_gap0__D0_frozen_lora,MIMIC,SBP_train_median_deviation_10-20,991,9707,4.732670097450175,2.500113905248201,3.616392001349188,0.0,0.0,0.0,random_disjoint
past_gap0__D0_frozen_lora,VitalDB,SBP_train_median_deviation_10-20,1038,11132,3.608755253081516,2.0059588772329264,2.807357065157221,0.0,0.0,0.0,random_disjoint
past_gap0__D0_frozen_lora,Overall,SBP_train_median_deviation_>20,1744,11006,6.207376316399166,3.0938103778381705,4.650593347118669,3.478133336898281e-10,1.2759393541728061e-09,-5.803131308823595e-10,random_disjoint
past_gap0__D0_frozen_lora,MIMIC,SBP_train_median_deviation_>20,805,4976,7.718533675003574,3.7110853617409534,5.714809518372263,1.2537260118961058e-09,2.764273254740601e-09,-2.5682034276997e-10,random_disjoint
past_gap0__D0_frozen_lora,VitalDB,SBP_train_median_deviation_>20,939,6030,4.911868676701032,2.564623623800109,3.738246150250571,-4.2882053463699776e-10,0.0,-8.576410692739954e-10,random_disjoint
past_gap0__D0_frozen_lora,Overall,DBP_train_median_deviation_0-10,2051,69707,3.502137143857821,1.848840873621888,2.675489008739855,0.0,0.0,0.0,random_disjoint
past_gap0__D0_frozen_lora,MIMIC,DBP_train_median_deviation_0-10,1011,35229,3.821975621639787,1.94327665784614,2.882626139742964,0.0,0.0,0.0,random_disjoint
past_gap0__D0_frozen_lora,VitalDB,DBP_train_median_deviation_0-10,1040,34478,3.191217239014007,1.7570383949192745,2.4741278169666403,0.0,0.0,0.0,random_disjoint
past_gap0__D0_frozen_lora,Overall,DBP_train_median_deviation_10-20,1762,10460,5.156983667231913,3.264557039045926,4.210770353138919,1.0824905416484396e-09,2.1649810832968797e-09,0.0,random_disjoint
past_gap0__D0_frozen_lora,MIMIC,DBP_train_median_deviation_10-20,791,4282,6.291392055450666,4.059622908426012,5.17550748193834,2.41131381528703e-09,4.8226267423956415e-09,0.0,random_disjoint
past_gap0__D0_frozen_lora,VitalDB,DBP_train_median_deviation_10-20,971,6178,4.232867256231877,2.6168772216621483,3.424872238947013,0.0,0.0,0.0,random_disjoint
past_gap0__D0_frozen_lora,Overall,DBP_train_median_deviation_>20,721,1873,8.633247441981649,8.132554768967559,8.382901105474604,-6.783615447147895e-09,5.290843319016858e-10,-1.4096315226197476e-08,random_disjoint
past_gap0__D0_frozen_lora,MIMIC,DBP_train_median_deviation_>20,319,929,10.517862338853,11.812418350083774,11.165140344468387,-3.8437342197994434e-10,1.1958292134295332e-09,-1.964576057389422e-09,random_disjoint
past_gap0__D0_frozen_lora,VitalDB,DBP_train_median_deviation_>20,402,944,7.137744576056373,5.212464016788275,6.175104296422324,-1.1861621018738331e-08,0.0,-2.372324114929825e-08,random_disjoint
past_gap0__feature_knn,Overall,SBP_train_median_deviation_0-10,2051,50195,3.5618514388051365,2.0314821092628184,2.796666774033977,0.2067099577097852,0.2860260782913295,0.1273938371282406,random_disjoint
past_gap0__feature_knn,MIMIC,SBP_train_median_deviation_0-10,1011,25757,3.732772227639543,2.12254186548098,2.9276570465602614,0.1424494797107627,0.2166180869837526,0.0682808724377719,random_disjoint
past_gap0__feature_knn,VitalDB,SBP_train_median_deviation_0-10,1040,24438,3.3956967104286124,1.9429615193238177,2.669329114876215,0.2691785569953739,0.3534986544566765,0.1848584595340712,random_disjoint
past_gap0__feature_knn,Overall,SBP_train_median_deviation_10-20,2029,20839,4.406950766058945,2.3933553872640005,3.400153076661473,0.1976488346850118,0.2492553400994888,0.1460423292705339,random_disjoint
past_gap0__feature_knn,MIMIC,SBP_train_median_deviation_10-20,991,9707,4.909818915697724,2.579553088712194,3.744686002204959,0.1282940008557713,0.1771488182475495,0.0794391834639927,random_disjoint
past_gap0__feature_knn,VitalDB,SBP_train_median_deviation_10-20,1038,11132,3.92685217618223,2.2155886029334044,3.0712203895578174,0.2638633244005963,0.3180969231007142,0.209629725700478,random_disjoint
past_gap0__feature_knn,Overall,SBP_train_median_deviation_>20,1744,11006,6.550366448247398,3.304594809849779,4.927480629048588,0.276887282277733,0.3429901331241707,0.2107844314312954,random_disjoint
past_gap0__feature_knn,MIMIC,SBP_train_median_deviation_>20,805,4976,7.756151775149139,3.7575176330403135,5.756834704094726,0.0420251869761889,0.0376181029098381,0.0464322710425397,random_disjoint
past_gap0__feature_knn,VitalDB,SBP_train_median_deviation_>20,939,6030,5.516652722841752,2.9163063405543794,4.216479531698066,0.4782333810186743,0.6047840461407192,0.3516827158966289,random_disjoint
past_gap0__feature_knn,Overall,DBP_train_median_deviation_0-10,2051,69707,3.741554712041779,1.9951483377240251,2.868351524882902,0.1928625161430472,0.2394175681839581,0.1463074641021371,random_disjoint
past_gap0__feature_knn,MIMIC,DBP_train_median_deviation_0-10,1011,35229,4.009310801395088,2.051665373182674,3.030488087288881,0.1478619475459175,0.1873351797553013,0.1083887153365339,random_disjoint
past_gap0__feature_knn,VitalDB,DBP_train_median_deviation_0-10,1040,34478,3.481264898256977,1.94020725806182,2.7107360781593988,0.2366082611927584,0.2900476592429704,0.1831688631425456,random_disjoint
past_gap0__feature_knn,Overall,DBP_train_median_deviation_10-20,1762,10460,5.477472768503819,3.3808432676716555,4.429158018087738,0.2183876660313091,0.3204891034368877,0.1162862286257295,random_disjoint
past_gap0__feature_knn,MIMIC,DBP_train_median_deviation_10-20,791,4282,6.381866144848452,3.990194178120487,5.186030161484469,0.0105226819574433,0.0904740942204123,-0.0694287303055247,random_disjoint
past_gap0__feature_knn,VitalDB,DBP_train_median_deviation_10-20,971,6178,4.740732129277657,2.8844513313534,3.812591730315529,0.3877194913685158,0.5078648730457802,0.2675741096912518,random_disjoint
past_gap0__feature_knn,Overall,DBP_train_median_deviation_>20,721,1873,9.638858885748665,8.172662414056788,8.905760649902724,0.5228595376445053,1.0056114442960986,0.0401076309929138,random_disjoint
past_gap0__feature_knn,MIMIC,DBP_train_median_deviation_>20,319,929,10.587804825916455,10.657510724596827,10.62265777525664,-0.5424825695961193,0.0699424882592847,-1.1549076274515215,random_disjoint
past_gap0__feature_knn,VitalDB,DBP_train_median_deviation_>20,402,944,8.885839594918998,6.200854923852128,7.543347259385563,1.3682429511016174,1.7480950188626254,0.9883908833406112,random_disjoint
past_gap0__nearest_record_time_bp,Overall,SBP_train_median_deviation_0-10,2051,50195,3.255523411122668,1.7854730214581591,2.520498216290413,-0.0694586000337786,-0.0203019493911389,-0.1186152506764186,random_disjoint
past_gap0__nearest_record_time_bp,MIMIC,SBP_train_median_deviation_0-10,1011,25757,3.9080365165773943,2.033538426408793,2.970787471493094,0.1855799046435953,0.3918823759216043,-0.0207225666344141,random_disjoint
past_gap0__nearest_record_time_bp,VitalDB,SBP_train_median_deviation_0-10,1040,24438,2.621205382646968,1.5443248249148025,2.0827651037808854,-0.3173854540999556,-0.4209926733249678,-0.2137782348749439,random_disjoint
past_gap0__nearest_record_time_bp,Overall,SBP_train_median_deviation_10-20,2029,20839,3.947258345001464,2.1608341988761093,3.054046271938786,-0.1484579700376747,-0.210437080957992,-0.0864788591173573,random_disjoint
past_gap0__nearest_record_time_bp,MIMIC,SBP_train_median_deviation_10-20,991,9707,4.7883120843407125,2.4741331224136087,3.631222603377161,0.0148306020279731,0.0556419868905377,-0.0259807828345923,random_disjoint
past_gap0__nearest_record_time_bp,VitalDB,SBP_train_median_deviation_10-20,1038,11132,3.144287000410717,1.861721257425568,2.5030041289181426,-0.3043529362390784,-0.4644682526707986,-0.1442376198073585,random_disjoint
past_gap0__nearest_record_time_bp,Overall,SBP_train_median_deviation_>20,1744,11006,5.702714146075343,3.024531685647837,4.363622915861591,-0.2869704309092649,-0.5046621690478839,-0.0692786927706468,random_disjoint
past_gap0__nearest_record_time_bp,MIMIC,SBP_train_median_deviation_>20,805,4976,6.985369751672172,3.4724244114961644,5.228897081584169,-0.4859124355343684,-0.7331639205671285,-0.2386609505016093,random_disjoint
past_gap0__nearest_record_time_bp,VitalDB,SBP_train_median_deviation_>20,939,6030,4.603099915505111,2.6405554936266404,3.621827704565876,-0.1164184461135158,-0.3087687611959211,0.0759318689688899,random_disjoint
past_gap0__nearest_record_time_bp,Overall,DBP_train_median_deviation_0-10,2051,69707,3.403983866959359,1.8096165059484104,2.606800186453885,-0.0686888222859702,-0.0981532768984618,-0.039224367673478,random_disjoint
past_gap0__nearest_record_time_bp,MIMIC,DBP_train_median_deviation_0-10,1011,35229,4.096656582904061,2.038670604770329,3.067663593837195,0.1850374540942314,0.2746809612642744,0.0953939469241891,random_disjoint
past_gap0__nearest_record_time_bp,VitalDB,DBP_train_median_deviation_0-10,1040,34478,2.7306260632861914,1.5869494925744103,2.158787777930301,-0.3153400390363394,-0.4605911757278154,-0.1700889023448637,random_disjoint
past_gap0__nearest_record_time_bp,Overall,DBP_train_median_deviation_10-20,1762,10460,4.964853837050615,2.936098041488461,3.950475939269538,-0.2602944127868904,-0.1921298280163164,-0.328458997557465,random_disjoint
past_gap0__nearest_record_time_bp,MIMIC,DBP_train_median_deviation_10-20,791,4282,6.09995893572894,3.572362363880328,4.836160649804634,-0.339346829722392,-0.1914331148990999,-0.4872605445456841,random_disjoint
past_gap0__nearest_record_time_bp,VitalDB,DBP_train_median_deviation_10-20,971,6178,4.04016986892028,2.417781791218672,3.2289758300694764,-0.1958964088775365,-0.1926973873115969,-0.1990954304434762,random_disjoint
past_gap0__nearest_record_time_bp,Overall,DBP_train_median_deviation_>20,721,1873,8.271828105543909,6.837302412346824,7.554565258945367,-0.8283358533128524,-0.3614193359086552,-1.2952523707170505,random_disjoint
past_gap0__nearest_record_time_bp,MIMIC,DBP_train_median_deviation_>20,319,929,9.140248846726928,8.302485587891871,8.7213672173094,-2.443773127543361,-1.3776134909302442,-3.5099327641564795,random_disjoint
past_gap0__nearest_record_time_bp,VitalDB,DBP_train_median_deviation_>20,402,944,7.582708164157386,5.674632181006353,6.628670172581869,0.4535658642979241,0.4449635881010128,0.4621681404948363,random_disjoint
past_gap0__time_matched_feature_uniform,Overall,SBP_train_median_deviation_0-10,2051,50195,3.7601070416117,2.1454267680369203,2.95276690482431,0.362810088500118,0.4842816810978925,0.2413384959023425,random_disjoint
past_gap0__time_matched_feature_uniform,MIMIC,SBP_train_median_deviation_0-10,1011,25757,3.866631955203232,2.201711253179244,3.034171604191238,0.2489640373417394,0.3504778145474421,0.1474502601360363,random_disjoint
past_gap0__time_matched_feature_uniform,VitalDB,SBP_train_median_deviation_0-10,1040,24438,3.6565525342645446,2.0907117541149107,2.8736321441897275,0.4734815863088863,0.6143544782926087,0.3326086943251642,random_disjoint
past_gap0__time_matched_feature_uniform,Overall,SBP_train_median_deviation_10-20,2029,20839,4.719150322051132,2.563686714274436,3.641418518162784,0.4389142761863223,0.561454896091675,0.3163736562809691,random_disjoint
past_gap0__time_matched_feature_uniform,MIMIC,SBP_train_median_deviation_10-20,991,9707,5.173136218805382,2.716626367713753,3.944881293259568,0.3284892919103801,0.4404661213552074,0.2165124624655523,random_disjoint
past_gap0__time_matched_feature_uniform,VitalDB,SBP_train_median_deviation_10-20,1038,11132,4.28572062678768,2.4176720740447992,3.35169635041624,0.5443392852590185,0.6769653737061643,0.4117131968118728,random_disjoint
past_gap0__time_matched_feature_uniform,Overall,SBP_train_median_deviation_>20,1744,11006,7.325724464755501,3.70329985025585,5.514512157505676,0.8639188107348206,1.1183481496322738,0.6094894718373665,random_disjoint
past_gap0__time_matched_feature_uniform,MIMIC,SBP_train_median_deviation_>20,805,4976,8.410581682052554,4.06970616204924,6.240143922050897,0.5253344049323596,0.6920480098132531,0.3586208000514661,random_disjoint
past_gap0__time_matched_feature_uniform,VitalDB,SBP_train_median_deviation_>20,939,6030,6.395681802429486,3.3891815531379814,4.892431677783733,1.154185527104342,1.483813125728454,0.8245579284802309,random_disjoint
past_gap0__time_matched_feature_uniform,Overall,DBP_train_median_deviation_0-10,2051,69707,3.9656223573276095,2.1088279977578077,3.037225177542709,0.361736168802854,0.4634852134697893,0.259987124135919,random_disjoint
past_gap0__time_matched_feature_uniform,MIMIC,DBP_train_median_deviation_0-10,1011,35229,4.185149711295714,2.132605923335247,3.158877817315481,0.276251677572517,0.363174089655927,0.1893292654891067,random_disjoint
past_gap0__time_matched_feature_uniform,VitalDB,DBP_train_median_deviation_0-10,1040,34478,3.7522164391913098,2.08571311048974,2.918964774840525,0.4448369578738846,0.560999200177303,0.3286747155704659,random_disjoint
past_gap0__time_matched_feature_uniform,Overall,DBP_train_median_deviation_10-20,1762,10460,6.060594532698231,3.722292993653107,4.891443763175669,0.6806734111192405,0.9036108676312988,0.4577359546071808,random_disjoint
past_gap0__time_matched_feature_uniform,MIMIC,DBP_train_median_deviation_10-20,791,4282,6.864966964314067,4.257725031188043,5.561345997751054,0.3858385182240287,0.5735749136860271,0.1981021227620312,random_disjoint
past_gap0__time_matched_feature_uniform,VitalDB,DBP_train_median_deviation_10-20,971,6178,5.405333365439603,3.2861171525716086,4.345725259005606,0.9208530200585932,1.1724661092077255,0.6692399309094603,random_disjoint
past_gap0__time_matched_feature_uniform,Overall,DBP_train_median_deviation_>20,721,1873,11.001090143204127,9.228835152962043,10.114962648083086,1.732061535824867,2.367842701751563,1.096280369898171,random_disjoint
past_gap0__time_matched_feature_uniform,MIMIC,DBP_train_median_deviation_>20,319,929,11.297643909269622,11.509437382974443,11.403540646122032,0.2384003012692712,0.7797815716124514,-0.3029809690739071,random_disjoint
past_gap0__time_matched_feature_uniform,VitalDB,DBP_train_median_deviation_>20,402,944,10.765765139783998,7.41910353262882,9.09243433620641,2.917330027922464,3.628020563727625,2.206639492117304,random_disjoint
past_gap0__time_stratum_random_uniform,Overall,SBP_train_median_deviation_0-10,2051,50195,6.001109365082948,3.4165139686802437,4.708811666881595,2.118854850557403,2.7252840045691404,1.5124256965456655,random_disjoint
past_gap0__time_stratum_random_uniform,MIMIC,SBP_train_median_deviation_0-10,1011,25757,5.0659212199289545,2.864899801922846,3.9654105109259,1.1802029440764017,1.549767079273164,0.8106388088796388,random_disjoint
past_gap0__time_stratum_random_uniform,VitalDB,SBP_train_median_deviation_0-10,1040,24438,6.9102201484970704,3.952746586556906,5.4314833675269885,3.031332809646148,3.8680220925251354,2.19464352676716,random_disjoint
past_gap0__time_stratum_random_uniform,Overall,SBP_train_median_deviation_10-20,2029,20839,9.283932536861055,4.811579949491874,7.047756243176464,3.845252001200003,5.126237110901599,2.564266891498407,random_disjoint
past_gap0__time_stratum_random_uniform,MIMIC,SBP_train_median_deviation_10-20,991,9707,7.905107413695251,3.831341641728448,5.868224527711849,2.2518325263626613,3.172437316245076,1.3312277364802465,random_disjoint
past_gap0__time_stratum_random_uniform,VitalDB,SBP_train_median_deviation_10-20,1038,11132,10.600325308592565,5.747433671065626,8.173879489829096,5.366522424671874,6.991570055511049,3.7414747938327,random_disjoint
past_gap0__time_stratum_random_uniform,Overall,SBP_train_median_deviation_>20,1744,11006,16.258686487435067,7.915868445285607,12.087277466360336,7.436684119589482,10.05131017231184,4.822058066867124,random_disjoint
past_gap0__time_stratum_random_uniform,MIMIC,SBP_train_median_deviation_>20,805,4976,13.137627446903156,5.882772090646518,9.510199768774838,3.795390251656301,5.419093774663856,2.171686728648744,random_disjoint
past_gap0__time_stratum_random_uniform,VitalDB,SBP_train_median_deviation_>20,939,6030,18.934354780968807,9.658831773810068,14.296593277389436,10.558347126710046,14.022486104267774,7.094208149152317,random_disjoint
past_gap0__time_stratum_random_uniform,Overall,DBP_train_median_deviation_0-10,2051,69707,7.020287190387417,3.5665523449848333,5.2934197676861245,2.6179307589462697,3.518150046529596,1.717711471362945,random_disjoint
past_gap0__time_stratum_random_uniform,MIMIC,DBP_train_median_deviation_0-10,1011,35229,5.917943881500436,2.8453451922231707,4.381644536861804,1.49901839711884,2.095968259860649,0.9020685343770308,random_disjoint
past_gap0__time_stratum_random_uniform,VitalDB,DBP_train_median_deviation_0-10,1040,34478,8.091892080084278,4.267648913679103,6.179770496881691,3.7056426799150506,4.900674841070272,2.510610518759828,random_disjoint
past_gap0__time_stratum_random_uniform,Overall,DBP_train_median_deviation_10-20,1762,10460,13.226228187562011,7.82319723903323,10.52471271329762,6.3139423612411925,8.069244522495081,4.558640199987304,random_disjoint
past_gap0__time_stratum_random_uniform,MIMIC,DBP_train_median_deviation_10-20,791,4282,10.559577796424398,6.393796593993281,8.47668719520884,3.3011797156818137,4.268185745796358,2.334173685567269,random_disjoint
past_gap0__time_stratum_random_uniform,VitalDB,DBP_train_median_deviation_10-20,971,6178,15.398545859436224,8.987621451419018,12.19308365542762,8.768211416480607,11.165678603204348,6.37074422975687,random_disjoint
past_gap0__time_stratum_random_uniform,Overall,DBP_train_median_deviation_>20,721,1873,23.19321087155853,16.90291967071218,20.04806527113536,11.665164158877138,14.559963430105968,8.770364887648306,random_disjoint
past_gap0__time_stratum_random_uniform,MIMIC,DBP_train_median_deviation_>20,319,929,15.48592918982423,14.726836394894455,15.106382792359344,3.941242447506582,4.968066852167059,2.914418042846105,random_disjoint
past_gap0__time_stratum_random_uniform,VitalDB,DBP_train_median_deviation_>20,402,944,29.3091881264671,18.629712120925745,23.969450123696426,17.794345815412477,22.171443550410725,13.417248080414227,random_disjoint
past_gap60__fixed_blend,Overall,SBP_train_median_deviation_0-10,2051,50195,3.4980189794447085,2.006230078722383,2.7521245290835457,0.1621677127593535,0.2221936189309015,0.102141806587805,random_disjoint
past_gap60__fixed_blend,MIMIC,SBP_train_median_deviation_0-10,1011,25757,3.578316159305899,2.061308754312794,2.8198124568093466,0.0346048899598478,0.0621620186501088,0.0070477612695865,random_disjoint
past_gap60__fixed_blend,VitalDB,SBP_train_median_deviation_0-10,1040,24438,3.419960855560416,1.952687250816704,2.68632405318856,0.2861734953077191,0.37776279958848,0.1945841910269576,random_disjoint
past_gap60__fixed_blend,Overall,SBP_train_median_deviation_10-20,2029,20839,4.488837466059906,2.4187115429887127,3.4537745045243096,0.2512702625478482,0.3311420401004499,0.1713984849952461,random_disjoint
past_gap60__fixed_blend,MIMIC,SBP_train_median_deviation_10-20,991,9707,4.829847006337074,2.529127142389461,3.679487074363268,0.0630950730140798,0.0971769088868992,0.0290132371412603,random_disjoint
past_gap60__fixed_blend,VitalDB,SBP_train_median_deviation_10-20,1038,11132,4.163268627510123,2.313295493849848,3.2382820606799854,0.4309249955227643,0.5545133744286077,0.3073366166169213,random_disjoint
past_gap60__fixed_blend,Overall,SBP_train_median_deviation_>20,1744,11006,6.843736396752371,3.416427440511684,5.130081918632028,0.4794885718611725,0.6363600816291441,0.3226170620932005,random_disjoint
past_gap60__fixed_blend,MIMIC,SBP_train_median_deviation_>20,805,4976,7.875340857529474,3.789122838966261,5.832231848247868,0.1174223311293305,0.156807185290174,0.078037476968487,random_disjoint
past_gap60__fixed_blend,VitalDB,SBP_train_median_deviation_>20,939,6030,5.959347056043565,3.0969175408781013,4.528132298460833,0.7898861477814418,1.0474783793425324,0.5322939162203508,random_disjoint
past_gap60__fixed_blend,Overall,DBP_train_median_deviation_0-10,2051,69707,3.751794296545164,1.9802444383911288,2.8660193674681462,0.1905303587282913,0.2496571526873428,0.1314035647692406,random_disjoint
past_gap60__fixed_blend,MIMIC,DBP_train_median_deviation_0-10,1011,35229,3.9081121789716113,1.980535036308804,2.944323607640208,0.0616974678972441,0.0861365573318244,0.0372583784626641,random_disjoint
past_gap60__fixed_blend,VitalDB,DBP_train_median_deviation_0-10,1040,34478,3.599835278147915,1.9799619436846196,2.789898610916268,0.315770793949627,0.4086180391339082,0.2229235487653451,random_disjoint
past_gap60__fixed_blend,Overall,DBP_train_median_deviation_10-20,1762,10460,5.658385910944238,3.4916122646287406,4.574999087786489,0.3642287357300606,0.5014022458773066,0.2270552255828146,random_disjoint
past_gap60__fixed_blend,MIMIC,DBP_train_median_deviation_10-20,791,4282,6.368356856919677,3.994754527347221,5.181555692133449,0.0060482126064229,0.0769648062916372,-0.0648683810787909,random_disjoint
past_gap60__fixed_blend,VitalDB,DBP_train_median_deviation_10-20,971,6178,5.080026468857141,3.0817404522597216,4.080883460558431,0.6560112216114184,0.8471592126252636,0.4648632305975733,random_disjoint
past_gap60__fixed_blend,Overall,DBP_train_median_deviation_>20,721,1873,9.655384084594532,8.513493340391813,9.084438712493172,0.7015376002349534,1.0221366431419678,0.3809385573279389,random_disjoint
past_gap60__fixed_blend,MIMIC,DBP_train_median_deviation_>20,319,929,10.582682788275582,11.379268925605883,10.980975856940734,-0.1841644879120263,0.0648204506184111,-0.4331494264424655,random_disjoint
past_gap60__fixed_blend,VitalDB,DBP_train_median_deviation_>20,402,944,8.919542575952107,6.239407739189602,7.5794751575708545,1.4043708492869094,1.7817979998957345,1.026943698678085,random_disjoint
past_gap60__trained_blend,Overall,SBP_train_median_deviation_0-10,2051,50195,3.4980189794447085,2.006230078722383,2.7521245290835457,0.1621677127593535,0.2221936189309015,0.102141806587805,random_disjoint
past_gap60__trained_blend,MIMIC,SBP_train_median_deviation_0-10,1011,25757,3.578316159305899,2.061308754312794,2.8198124568093466,0.0346048899598478,0.0621620186501088,0.0070477612695865,random_disjoint
past_gap60__trained_blend,VitalDB,SBP_train_median_deviation_0-10,1040,24438,3.419960855560416,1.952687250816704,2.68632405318856,0.2861734953077191,0.37776279958848,0.1945841910269576,random_disjoint
past_gap60__trained_blend,Overall,SBP_train_median_deviation_10-20,2029,20839,4.488837466059906,2.4187115429887127,3.4537745045243096,0.2512702625478482,0.3311420401004499,0.1713984849952461,random_disjoint
past_gap60__trained_blend,MIMIC,SBP_train_median_deviation_10-20,991,9707,4.829847006337074,2.529127142389461,3.679487074363268,0.0630950730140798,0.0971769088868992,0.0290132371412603,random_disjoint
past_gap60__trained_blend,VitalDB,SBP_train_median_deviation_10-20,1038,11132,4.163268627510123,2.313295493849848,3.2382820606799854,0.4309249955227643,0.5545133744286077,0.3073366166169213,random_disjoint
past_gap60__trained_blend,Overall,SBP_train_median_deviation_>20,1744,11006,6.843736396752371,3.416427440511684,5.130081918632028,0.4794885718611725,0.6363600816291441,0.3226170620932005,random_disjoint
past_gap60__trained_blend,MIMIC,SBP_train_median_deviation_>20,805,4976,7.875340857529474,3.789122838966261,5.832231848247868,0.1174223311293305,0.156807185290174,0.078037476968487,random_disjoint
past_gap60__trained_blend,VitalDB,SBP_train_median_deviation_>20,939,6030,5.959347056043565,3.0969175408781013,4.528132298460833,0.7898861477814418,1.0474783793425324,0.5322939162203508,random_disjoint
past_gap60__trained_blend,Overall,DBP_train_median_deviation_0-10,2051,69707,3.751794296545164,1.9802444383911288,2.8660193674681462,0.1905303587282913,0.2496571526873428,0.1314035647692406,random_disjoint
past_gap60__trained_blend,MIMIC,DBP_train_median_deviation_0-10,1011,35229,3.9081121789716113,1.980535036308804,2.944323607640208,0.0616974678972441,0.0861365573318244,0.0372583784626641,random_disjoint
past_gap60__trained_blend,VitalDB,DBP_train_median_deviation_0-10,1040,34478,3.599835278147915,1.9799619436846196,2.789898610916268,0.315770793949627,0.4086180391339082,0.2229235487653451,random_disjoint
past_gap60__trained_blend,Overall,DBP_train_median_deviation_10-20,1762,10460,5.658385910944238,3.4916122646287406,4.574999087786489,0.3642287357300606,0.5014022458773066,0.2270552255828146,random_disjoint
past_gap60__trained_blend,MIMIC,DBP_train_median_deviation_10-20,791,4282,6.368356856919677,3.994754527347221,5.181555692133449,0.0060482126064229,0.0769648062916372,-0.0648683810787909,random_disjoint
past_gap60__trained_blend,VitalDB,DBP_train_median_deviation_10-20,971,6178,5.080026468857141,3.0817404522597216,4.080883460558431,0.6560112216114184,0.8471592126252636,0.4648632305975733,random_disjoint
past_gap60__trained_blend,Overall,DBP_train_median_deviation_>20,721,1873,9.655384084594532,8.513493340391813,9.084438712493172,0.7015376002349534,1.0221366431419678,0.3809385573279389,random_disjoint
past_gap60__trained_blend,MIMIC,DBP_train_median_deviation_>20,319,929,10.582682788275582,11.379268925605883,10.980975856940734,-0.1841644879120263,0.0648204506184111,-0.4331494264424655,random_disjoint
past_gap60__trained_blend,VitalDB,DBP_train_median_deviation_>20,402,944,8.919542575952107,6.239407739189602,7.5794751575708545,1.4043708492869094,1.7817979998957345,1.026943698678085,random_disjoint
past_gap60__D0_frozen_lora,Overall,SBP_train_median_deviation_0-10,2051,50195,3.275825360513807,1.9040882721345775,2.589956816324192,0.0,0.0,0.0,random_disjoint
past_gap60__D0_frozen_lora,MIMIC,SBP_train_median_deviation_0-10,1011,25757,3.5161541406557903,2.0542609930432074,2.7852075668494987,0.0,0.0,0.0,random_disjoint
past_gap60__D0_frozen_lora,VitalDB,SBP_train_median_deviation_0-10,1040,24438,3.042198055971936,1.7581030597897465,2.400150557880841,0.0,0.0,0.0,random_disjoint
past_gap60__D0_frozen_lora,Overall,SBP_train_median_deviation_10-20,2029,20839,4.1576954259594565,2.2473130579934666,3.2025042419764613,0.0,0.0,0.0,random_disjoint
past_gap60__D0_frozen_lora,MIMIC,SBP_train_median_deviation_10-20,991,9707,4.732670097450175,2.500113905248201,3.616392001349188,0.0,0.0,0.0,random_disjoint
past_gap60__D0_frozen_lora,VitalDB,SBP_train_median_deviation_10-20,1038,11132,3.608755253081516,2.0059588772329264,2.807357065157221,0.0,0.0,0.0,random_disjoint
past_gap60__D0_frozen_lora,Overall,SBP_train_median_deviation_>20,1744,11006,6.207376316399166,3.0938103778381705,4.650593347118669,3.478133336898281e-10,1.2759393541728061e-09,-5.803131308823595e-10,random_disjoint
past_gap60__D0_frozen_lora,MIMIC,SBP_train_median_deviation_>20,805,4976,7.718533675003574,3.7110853617409534,5.714809518372263,1.2537260118961058e-09,2.764273254740601e-09,-2.5682034276997e-10,random_disjoint
past_gap60__D0_frozen_lora,VitalDB,SBP_train_median_deviation_>20,939,6030,4.911868676701032,2.564623623800109,3.738246150250571,-4.2882053463699776e-10,0.0,-8.576410692739954e-10,random_disjoint
past_gap60__D0_frozen_lora,Overall,DBP_train_median_deviation_0-10,2051,69707,3.502137143857821,1.848840873621888,2.675489008739855,0.0,0.0,0.0,random_disjoint
past_gap60__D0_frozen_lora,MIMIC,DBP_train_median_deviation_0-10,1011,35229,3.821975621639787,1.94327665784614,2.882626139742964,0.0,0.0,0.0,random_disjoint
past_gap60__D0_frozen_lora,VitalDB,DBP_train_median_deviation_0-10,1040,34478,3.191217239014007,1.7570383949192745,2.4741278169666403,0.0,0.0,0.0,random_disjoint
past_gap60__D0_frozen_lora,Overall,DBP_train_median_deviation_10-20,1762,10460,5.156983667231913,3.264557039045926,4.210770353138919,1.0824905416484396e-09,2.1649810832968797e-09,0.0,random_disjoint
past_gap60__D0_frozen_lora,MIMIC,DBP_train_median_deviation_10-20,791,4282,6.291392055450666,4.059622908426012,5.17550748193834,2.41131381528703e-09,4.8226267423956415e-09,0.0,random_disjoint
past_gap60__D0_frozen_lora,VitalDB,DBP_train_median_deviation_10-20,971,6178,4.232867256231877,2.6168772216621483,3.424872238947013,0.0,0.0,0.0,random_disjoint
past_gap60__D0_frozen_lora,Overall,DBP_train_median_deviation_>20,721,1873,8.633247441981649,8.132554768967559,8.382901105474604,-6.783615447147895e-09,5.290843319016858e-10,-1.4096315226197476e-08,random_disjoint
past_gap60__D0_frozen_lora,MIMIC,DBP_train_median_deviation_>20,319,929,10.517862338853,11.812418350083774,11.165140344468387,-3.8437342197994434e-10,1.1958292134295332e-09,-1.964576057389422e-09,random_disjoint
past_gap60__D0_frozen_lora,VitalDB,DBP_train_median_deviation_>20,402,944,7.137744576056373,5.212464016788275,6.175104296422324,-1.1861621018738331e-08,0.0,-2.372324114929825e-08,random_disjoint
past_gap60__feature_knn,Overall,SBP_train_median_deviation_0-10,2051,50195,4.094994496435558,2.3312118664189345,3.2131031814272464,0.6231463651030542,0.8191691359217512,0.4271235942843567,random_disjoint
past_gap60__feature_knn,MIMIC,SBP_train_median_deviation_0-10,1011,25757,3.945816360568658,2.2473056355111742,3.096560998039916,0.3113534311904171,0.429662219912867,0.1930446424679668,random_disjoint
past_gap60__feature_knn,VitalDB,SBP_train_median_deviation_0-10,1040,24438,4.240012857360015,2.412778404349459,3.326395630854737,0.926245072973896,1.1978148013880792,0.6546753445597127,random_disjoint
past_gap60__feature_knn,Overall,SBP_train_median_deviation_10-20,2029,20839,5.148089058561437,2.791614104077781,3.969851581319609,0.7673473393431478,0.9903936326019808,0.5443010460843145,random_disjoint
past_gap60__feature_knn,MIMIC,SBP_train_median_deviation_10-20,991,9707,5.243884934451327,2.742726742634843,3.993305838543085,0.3769138371938973,0.5112148370011527,0.242612837386642,random_disjoint
past_gap60__feature_knn,VitalDB,SBP_train_median_deviation_10-20,1038,11132,5.056630760866945,2.838287875937079,3.947459318402012,1.1401022532447906,1.447875507785429,0.8323289987041527,random_disjoint
past_gap60__feature_knn,Overall,SBP_train_median_deviation_>20,1744,11006,7.945389554341166,4.047194027620876,5.9962917909810205,1.3456984442101652,1.7380132392179393,0.953383649202392,random_disjoint
past_gap60__feature_knn,MIMIC,SBP_train_median_deviation_>20,805,4976,8.400252361831155,4.099138002678084,6.249695182254619,0.5348856651360823,0.6817186895918548,0.3880526406803106,random_disjoint
past_gap60__feature_knn,VitalDB,SBP_train_median_deviation_>20,939,6030,7.555437946216096,4.0026627178007965,5.779050332008446,2.040804181329055,2.643569269515064,1.438039093143046,random_disjoint
past_gap60__feature_knn,Overall,DBP_train_median_deviation_0-10,2051,69707,4.322529200346451,2.3038722221383923,3.313200711242421,0.6377117025025667,0.8203920564886298,0.455031348516504,random_disjoint
past_gap60__feature_knn,MIMIC,DBP_train_median_deviation_0-10,1011,35229,4.256245809454088,2.173933640480977,3.2150897249675325,0.332463585224569,0.4342701878143007,0.2306569826348374,random_disjoint
past_gap60__feature_knn,VitalDB,DBP_train_median_deviation_0-10,1040,34478,4.386964304377393,2.430187516422667,3.40857591040003,0.9344480934333896,1.1957470653633866,0.6731491215033927,random_disjoint
past_gap60__feature_knn,Overall,DBP_train_median_deviation_10-20,1762,10460,6.62633078496583,4.053376688932718,5.339853736949275,1.129083384892846,1.4693471198988988,0.7888196498867921,random_disjoint
past_gap60__feature_knn,MIMIC,DBP_train_median_deviation_10-20,791,4282,6.931571506784951,4.294694502075947,5.613133004430448,0.4376255249034226,0.6401794561569112,0.235071593649935,random_disjoint
past_gap60__feature_knn,VitalDB,DBP_train_median_deviation_10-20,971,6178,6.377674337016371,3.856793382860325,5.117233859938348,1.6923616209913348,2.144807080784494,1.2399161611981766,random_disjoint
past_gap60__feature_knn,Overall,DBP_train_median_deviation_>20,721,1873,11.809996884244988,9.7513539262607,10.780675405252843,2.397774292994624,3.176749442792424,1.618799143196826,random_disjoint
past_gap60__feature_knn,MIMIC,DBP_train_median_deviation_>20,319,929,11.35184531950934,11.540687097214873,11.446266208362108,0.281125863509347,0.83398298185217,-0.2717312548334778,random_disjoint
past_gap60__feature_knn,VitalDB,DBP_train_median_deviation_>20,402,944,12.173554966709345,8.331460191100549,10.252507578904948,4.0774032706210015,5.03581039065297,3.118996150589032,random_disjoint
past_gap60__nearest_record_time_bp,Overall,SBP_train_median_deviation_0-10,2051,50195,4.6858404455273375,2.5574130975723133,3.621626771549826,1.0316699552256332,1.4100150850135305,0.6533248254377355,random_disjoint
past_gap60__nearest_record_time_bp,MIMIC,SBP_train_median_deviation_0-10,1011,25757,4.523849778591262,2.3508003630204493,3.437325070805856,0.6521175039563571,1.0076956379354716,0.2965393699772418,random_disjoint
past_gap60__nearest_record_time_bp,VitalDB,SBP_train_median_deviation_0-10,1040,24438,4.843314065020004,2.758264515487634,3.800789290253819,1.400638732372978,1.801116009048068,1.0001614556978875,random_disjoint
past_gap60__nearest_record_time_bp,Overall,SBP_train_median_deviation_10-20,2029,20839,5.761634782183034,3.141835866834777,4.451735324508905,1.249231082532444,1.6039393562235773,0.8945228088413102,random_disjoint
past_gap60__nearest_record_time_bp,MIMIC,SBP_train_median_deviation_10-20,991,9707,5.681359359145047,2.9486354258526584,4.314997392498853,0.6986053911496652,0.948689261694872,0.4485215206044572,random_disjoint
past_gap60__nearest_record_time_bp,VitalDB,SBP_train_median_deviation_10-20,1038,11132,5.838275383561304,3.3262883109708845,4.582281847266094,1.7749247821088727,2.2295201304797883,1.320329433737958,random_disjoint
past_gap60__nearest_record_time_bp,Overall,SBP_train_median_deviation_>20,1744,11006,8.63201627437506,4.575764602982699,6.60389043867888,1.9532970919080244,2.4246399592518326,1.4819542245642152,random_disjoint
past_gap60__nearest_record_time_bp,MIMIC,SBP_train_median_deviation_>20,805,4976,8.330552619167523,4.191279676247862,6.260916147707693,0.546106630589156,0.6120189469282229,0.4801943142500882,random_disjoint
past_gap60__nearest_record_time_bp,VitalDB,SBP_train_median_deviation_>20,939,6030,8.890459557060968,4.905381606200531,6.89792058163075,3.1596744309513585,3.978590880359936,2.3407579815427804,random_disjoint
past_gap60__nearest_record_time_bp,Overall,DBP_train_median_deviation_0-10,2051,69707,4.902201238016858,2.5893665983872283,3.7457839182020423,1.070294909462188,1.4000640941590363,0.7405257247653401,random_disjoint
past_gap60__nearest_record_time_bp,MIMIC,DBP_train_median_deviation_0-10,1011,35229,4.797117867897118,2.3747789025844237,3.5859483852407705,0.703322245497807,0.9751422462573308,0.4315022447382832,random_disjoint
past_gap60__nearest_record_time_bp,VitalDB,DBP_train_median_deviation_0-10,1040,34478,5.004354398777488,2.797970598826301,3.9011624988018943,1.427034681835254,1.8131371597634809,1.0409322039070266,random_disjoint
past_gap60__nearest_record_time_bp,Overall,DBP_train_median_deviation_10-20,1762,10460,7.591325139889959,4.422639275700869,6.006982207795414,1.796211855738985,2.434341474823028,1.1580822366549426,random_disjoint
past_gap60__nearest_record_time_bp,MIMIC,DBP_train_median_deviation_10-20,791,4282,7.309996673893229,4.193197577451111,5.75159712567217,0.5760896461451441,1.0186046232651895,0.1335746690250996,random_disjoint
past_gap60__nearest_record_time_bp,VitalDB,DBP_train_median_deviation_10-20,971,6178,7.820502087988224,4.609548012380126,6.215025050184175,2.790152811237162,3.587634831756347,1.9926707907179773,random_disjoint
past_gap60__nearest_record_time_bp,Overall,DBP_train_median_deviation_>20,721,1873,12.797489651616567,10.10545204685693,11.451470849236747,3.06856973697853,4.164242210164003,1.9728972637930564,random_disjoint
past_gap60__nearest_record_time_bp,MIMIC,DBP_train_median_deviation_>20,319,929,10.678217759077992,10.363536881218115,10.520877320148054,-0.6442630247047063,0.1603554214208227,-1.448881470830235,random_disjoint
past_gap60__nearest_record_time_bp,VitalDB,DBP_train_median_deviation_>20,402,944,14.47920043201409,9.90065338476435,12.18992690838922,6.014822600105276,7.341455855957718,4.688189344252834,random_disjoint
past_gap60__time_matched_feature_uniform,Overall,SBP_train_median_deviation_0-10,2051,50195,4.221276225540958,2.40353589520581,3.312406060373384,0.7224492440491916,0.9454508650271508,0.4994476230712323,random_disjoint
past_gap60__time_matched_feature_uniform,MIMIC,SBP_train_median_deviation_0-10,1011,25757,4.054518604836344,2.3117059541788616,3.1831122795076023,0.3979047126581037,0.5383644641805532,0.2574449611356542,random_disjoint
past_gap60__time_matched_feature_uniform,VitalDB,SBP_train_median_deviation_0-10,1040,24438,4.383383874129771,2.4928051936464297,3.4380945338881004,1.0379439760072593,1.3411858181578349,0.7347021338566833,random_disjoint
past_gap60__time_matched_feature_uniform,Overall,SBP_train_median_deviation_10-20,2029,20839,5.368212388913246,2.917423516268944,4.142817952591095,0.9403137106146336,1.2105169629537895,0.6701104582754773,random_disjoint
past_gap60__time_matched_feature_uniform,MIMIC,SBP_train_median_deviation_10-20,991,9707,5.456778251649547,2.8542081072707126,4.15549317946013,0.5391011781109425,0.7241081541993726,0.3540942020225115,random_disjoint
past_gap60__time_matched_feature_uniform,VitalDB,SBP_train_median_deviation_10-20,1038,11132,5.283656733834563,2.9777765705244814,4.130716652179522,1.3233595870223014,1.674901480753047,0.971817693291555,random_disjoint
past_gap60__time_matched_feature_uniform,Overall,SBP_train_median_deviation_>20,1744,11006,8.51990132295901,4.320032732471243,6.419967027715126,1.7693736809442706,2.312525007835782,1.2262223540527597,random_disjoint
past_gap60__time_matched_feature_uniform,MIMIC,SBP_train_median_deviation_>20,805,4976,8.904077499025894,4.302654495041715,6.603365997033804,0.888556479915267,1.185543826786593,0.591569133043941,random_disjoint
past_gap60__time_matched_feature_uniform,VitalDB,SBP_train_median_deviation_>20,939,6030,8.190549010143414,4.334931008435854,6.262740009289634,2.5244938586102426,3.2786803334423817,1.7703073837781034,random_disjoint
past_gap60__time_matched_feature_uniform,Overall,DBP_train_median_deviation_0-10,2051,69707,4.472787582168815,2.3780999873625723,3.4254437847656938,0.7499547760258389,0.9706504383109936,0.5292591137406841,random_disjoint
past_gap60__time_matched_feature_uniform,MIMIC,DBP_train_median_deviation_0-10,1011,35229,4.399734550983781,2.2373601028367043,3.3185473269102426,0.435921187167279,0.577758929343994,0.2940834449905642,random_disjoint
past_gap60__time_matched_feature_uniform,VitalDB,DBP_train_median_deviation_0-10,1040,34478,4.54380355767657,2.514915394339162,3.5293594760078664,1.055231659041226,1.3525863186625635,0.7578769994198877,random_disjoint
past_gap60__time_matched_feature_uniform,Overall,DBP_train_median_deviation_10-20,1762,10460,7.03601565352092,4.296717973905241,5.666366813713081,1.4555964616566524,1.8790319884539883,1.032160934859315,random_disjoint
past_gap60__time_matched_feature_uniform,MIMIC,DBP_train_median_deviation_10-20,791,4282,7.291658418749802,4.516047761541703,5.903853090145752,0.7283456106187263,1.0002663681217625,0.4564248531156911,random_disjoint
past_gap60__time_matched_feature_uniform,VitalDB,DBP_train_median_deviation_10-20,971,6178,6.827762896264435,4.1180466432971645,5.4729047697808,2.048032530833787,2.594895640032558,1.5011694216350162,random_disjoint
past_gap60__time_matched_feature_uniform,Overall,DBP_train_median_deviation_>20,721,1873,12.789897476114549,10.501293973321138,11.645595724717843,3.262694612459624,4.156650034661983,2.368739190257264,random_disjoint
past_gap60__time_matched_feature_uniform,MIMIC,DBP_train_median_deviation_>20,319,929,11.884112631782054,12.13871239510091,12.01141251344148,0.8462721685887207,1.3662502941248835,0.3262940430525596,random_disjoint
past_gap60__time_matched_feature_uniform,VitalDB,DBP_train_median_deviation_>20,402,944,13.50866704164207,9.20194950429689,11.35530827296948,5.180203964685536,6.370922465585697,3.989485463785373,random_disjoint
past_gap60__time_stratum_random_uniform,Overall,SBP_train_median_deviation_0-10,2051,50195,6.176521534540442,3.519426668298157,4.8479741014193,2.258017285095108,2.9006961740266357,1.6153383961635797,random_disjoint
past_gap60__time_stratum_random_uniform,MIMIC,SBP_train_median_deviation_0-10,1011,25757,5.2084381264437685,2.951537481821898,4.079987804132833,1.2947802372833346,1.692283985787978,0.8972764887786906,random_disjoint
past_gap60__time_stratum_random_uniform,VitalDB,SBP_train_median_deviation_0-10,1040,24438,7.117610309142112,4.071480483228444,5.594545396185279,3.1943948383044374,4.075412253170176,2.313377423438697,random_disjoint
past_gap60__time_stratum_random_uniform,Overall,SBP_train_median_deviation_10-20,2029,20839,9.60470023572923,4.989319215205681,7.297009725467455,4.094505483490994,5.447004809769773,2.7420061572122143,random_disjoint
past_gap60__time_stratum_random_uniform,MIMIC,SBP_train_median_deviation_10-20,991,9707,8.14351865034104,3.950342310133249,6.046930480237144,2.4305384788879563,3.410848552890865,1.4502284048850478,random_disjoint
past_gap60__time_stratum_random_uniform,VitalDB,SBP_train_median_deviation_10-20,1038,11132,10.999720419852247,5.981251886618764,8.490486153235507,5.683129088078285,7.390965166770734,3.975293009385837,random_disjoint
past_gap60__time_stratum_random_uniform,Overall,SBP_train_median_deviation_>20,1744,11006,16.91892201858968,8.217568961253926,12.568245489921804,7.917652143150948,10.711545703466452,5.123758582835443,random_disjoint
past_gap60__time_stratum_random_uniform,MIMIC,SBP_train_median_deviation_>20,805,4976,13.648858331319076,6.102031835569594,9.875445083444337,4.160635566325798,5.930324659079775,2.3909464735718204,random_disjoint
past_gap60__time_stratum_random_uniform,VitalDB,SBP_train_median_deviation_>20,939,6030,19.72233124995585,10.031208350152632,14.876769800054245,11.138523649374854,14.81046257325482,7.466584725494883,random_disjoint
past_gap60__time_stratum_random_uniform,Overall,DBP_train_median_deviation_0-10,2051,69707,7.254707021364386,3.681275510490061,5.467991265927224,2.792502257187369,3.7525698775065655,1.832434636868173,random_disjoint
past_gap60__time_stratum_random_uniform,MIMIC,DBP_train_median_deviation_0-10,1011,35229,6.091672639363692,2.9273988562160937,4.509535747789893,1.6269096080469292,2.269697017723905,0.9841221983699536,random_disjoint
past_gap60__time_stratum_random_uniform,VitalDB,DBP_train_median_deviation_0-10,1040,34478,8.385310636943906,4.414130604212158,6.399720620578032,3.925592803611392,5.194093397929899,2.6570922092928835,random_disjoint
past_gap60__time_stratum_random_uniform,Overall,DBP_train_median_deviation_10-20,1762,10460,13.730503207798732,8.136106927353971,10.933305067576352,6.722534715519924,8.573519542731802,4.871549888308046,random_disjoint
past_gap60__time_stratum_random_uniform,MIMIC,DBP_train_median_deviation_10-20,791,4282,10.967194877738036,6.664331149676641,8.815763013707338,3.640255534180312,4.6758028271099965,2.604708241250629,random_disjoint
past_gap60__time_stratum_random_uniform,VitalDB,DBP_train_median_deviation_10-20,971,6178,15.981560766066512,9.335050943978858,12.658305855022686,9.233433616075672,11.748693509834634,6.71817372231671,random_disjoint
past_gap60__time_stratum_random_uniform,Overall,DBP_train_median_deviation_>20,721,1873,23.904405657546206,17.456208062964553,20.680306860255374,12.29740574799716,15.271158216093642,9.32365327990068,random_disjoint
past_gap60__time_stratum_random_uniform,MIMIC,DBP_train_median_deviation_>20,319,929,15.940158532755762,15.19601467139572,15.56808660207574,4.402946257222981,5.422296195098591,3.383596319347369,random_disjoint
past_gap60__time_stratum_random_uniform,VitalDB,DBP_train_median_deviation_>20,402,944,30.224293301347576,19.24974461000549,24.737018955676533,18.561914647392587,23.0865487252912,14.037280569493973,random_disjoint
past_gap300__fixed_blend,Overall,SBP_train_median_deviation_0-10,2051,50195,3.7474174744156703,2.148990315570715,2.948203894993193,0.3582470786690006,0.4715921139018633,0.244902043436137,random_disjoint
past_gap300__fixed_blend,MIMIC,SBP_train_median_deviation_0-10,1011,25757,3.8049232246516023,2.207100216086866,3.0060117203692345,0.2208041535197358,0.2887690839958123,0.1528392230436583,random_disjoint
past_gap300__fixed_blend,VitalDB,SBP_train_median_deviation_0-10,1040,24438,3.691515249907471,2.092500787280495,2.892008018593983,0.4918574607131418,0.6493171939355347,0.3343977274907483,random_disjoint
past_gap300__fixed_blend,Overall,SBP_train_median_deviation_10-20,2029,20839,4.816712704137598,2.596814695839943,3.7067636999887705,0.5042594580123092,0.6590172781781414,0.3495016378464766,random_disjoint
past_gap300__fixed_blend,MIMIC,SBP_train_median_deviation_10-20,991,9707,5.157284815774335,2.695768732867069,3.9265267743207017,0.310134772971514,0.4246147183241602,0.1956548276188678,random_disjoint
past_gap300__fixed_blend,VitalDB,SBP_train_median_deviation_10-20,1038,11132,4.491561487729115,2.5023412365972835,3.496951362163199,0.6895942970059781,0.8828062346475991,0.496382359364357,random_disjoint
past_gap300__fixed_blend,Overall,SBP_train_median_deviation_>20,1744,11006,7.327565145493282,3.6334862522689497,5.480525698881116,0.8299323521102604,1.1201888303700551,0.5396758738504661,random_disjoint
past_gap300__fixed_blend,MIMIC,SBP_train_median_deviation_>20,805,4976,8.466883325995123,4.022634562419616,6.244758944207369,0.5299494270888321,0.748349653755823,0.3115492004218421,random_disjoint
past_gap300__fixed_blend,VitalDB,SBP_train_median_deviation_>20,939,6030,6.350833372006614,3.299871353790476,4.825352362898545,1.0871062122191533,1.4389646953055817,0.7352477291327255,random_disjoint
past_gap300__fixed_blend,Overall,DBP_train_median_deviation_0-10,2051,69707,4.02938552128787,2.121849269581312,3.075617395434591,0.4001283866947362,0.5272483774300492,0.2730083959594238,random_disjoint
past_gap300__fixed_blend,MIMIC,DBP_train_median_deviation_0-10,1011,35229,4.16318064933676,2.116199715584156,3.139690182460458,0.2570640427174946,0.3412050276969731,0.1729230577380158,random_disjoint
past_gap300__fixed_blend,VitalDB,DBP_train_median_deviation_0-10,1040,34478,3.8993212189249578,2.1273412879381626,3.01333125343156,0.5392034364649199,0.708103979910951,0.3703028930188883,random_disjoint
past_gap300__fixed_blend,Overall,DBP_train_median_deviation_10-20,1762,10460,6.038160390119004,3.7542741445871934,4.896217267353099,0.6854469152966702,0.8811767250520726,0.4897171055412674,random_disjoint
past_gap300__fixed_blend,MIMIC,DBP_train_median_deviation_10-20,791,4282,6.836903388494726,4.290849223833416,5.563876306164071,0.3883688266370448,0.545511337866686,0.2312263154074045,random_disjoint
past_gap300__fixed_blend,VitalDB,DBP_train_median_deviation_10-20,971,6178,5.387485094840738,3.3171671541816705,4.352326124511205,0.9274538855641916,1.1546178386088606,0.7002899325195222,random_disjoint
past_gap300__fixed_blend,Overall,DBP_train_median_deviation_>20,721,1873,10.169472684005092,8.965849905360278,9.567661294682686,1.1847601824244671,1.5362252425525291,0.8332951222964038,random_disjoint
past_gap300__fixed_blend,MIMIC,DBP_train_median_deviation_>20,319,929,11.196711963321802,12.005082956368751,11.600897459845276,0.4357571149925157,0.6788496256646308,0.1926646043204005,random_disjoint
past_gap300__fixed_blend,VitalDB,DBP_train_median_deviation_>20,402,944,9.354325096686612,6.554120195729175,7.954222646207894,1.7791183379239488,2.216580520630239,1.341656155217659,random_disjoint
past_gap300__trained_blend,Overall,SBP_train_median_deviation_0-10,2051,50195,3.7474174744156703,2.148990315570715,2.948203894993193,0.3582470786690006,0.4715921139018633,0.244902043436137,random_disjoint
past_gap300__trained_blend,MIMIC,SBP_train_median_deviation_0-10,1011,25757,3.8049232246516023,2.207100216086866,3.0060117203692345,0.2208041535197358,0.2887690839958123,0.1528392230436583,random_disjoint
past_gap300__trained_blend,VitalDB,SBP_train_median_deviation_0-10,1040,24438,3.691515249907471,2.092500787280495,2.892008018593983,0.4918574607131418,0.6493171939355347,0.3343977274907483,random_disjoint
past_gap300__trained_blend,Overall,SBP_train_median_deviation_10-20,2029,20839,4.816712704137598,2.596814695839943,3.7067636999887705,0.5042594580123092,0.6590172781781414,0.3495016378464766,random_disjoint
past_gap300__trained_blend,MIMIC,SBP_train_median_deviation_10-20,991,9707,5.157284815774335,2.695768732867069,3.9265267743207017,0.310134772971514,0.4246147183241602,0.1956548276188678,random_disjoint
past_gap300__trained_blend,VitalDB,SBP_train_median_deviation_10-20,1038,11132,4.491561487729115,2.5023412365972835,3.496951362163199,0.6895942970059781,0.8828062346475991,0.496382359364357,random_disjoint
past_gap300__trained_blend,Overall,SBP_train_median_deviation_>20,1744,11006,7.327565145493282,3.6334862522689497,5.480525698881116,0.8299323521102604,1.1201888303700551,0.5396758738504661,random_disjoint
past_gap300__trained_blend,MIMIC,SBP_train_median_deviation_>20,805,4976,8.466883325995123,4.022634562419616,6.244758944207369,0.5299494270888321,0.748349653755823,0.3115492004218421,random_disjoint
past_gap300__trained_blend,VitalDB,SBP_train_median_deviation_>20,939,6030,6.350833372006614,3.299871353790476,4.825352362898545,1.0871062122191533,1.4389646953055817,0.7352477291327255,random_disjoint
past_gap300__trained_blend,Overall,DBP_train_median_deviation_0-10,2051,69707,4.02938552128787,2.121849269581312,3.075617395434591,0.4001283866947362,0.5272483774300492,0.2730083959594238,random_disjoint
past_gap300__trained_blend,MIMIC,DBP_train_median_deviation_0-10,1011,35229,4.16318064933676,2.116199715584156,3.139690182460458,0.2570640427174946,0.3412050276969731,0.1729230577380158,random_disjoint
past_gap300__trained_blend,VitalDB,DBP_train_median_deviation_0-10,1040,34478,3.8993212189249578,2.1273412879381626,3.01333125343156,0.5392034364649199,0.708103979910951,0.3703028930188883,random_disjoint
past_gap300__trained_blend,Overall,DBP_train_median_deviation_10-20,1762,10460,6.038160390119004,3.7542741445871934,4.896217267353099,0.6854469152966702,0.8811767250520726,0.4897171055412674,random_disjoint
past_gap300__trained_blend,MIMIC,DBP_train_median_deviation_10-20,791,4282,6.836903388494726,4.290849223833416,5.563876306164071,0.3883688266370448,0.545511337866686,0.2312263154074045,random_disjoint
past_gap300__trained_blend,VitalDB,DBP_train_median_deviation_10-20,971,6178,5.387485094840738,3.3171671541816705,4.352326124511205,0.9274538855641916,1.1546178386088606,0.7002899325195222,random_disjoint
past_gap300__trained_blend,Overall,DBP_train_median_deviation_>20,721,1873,10.169472684005092,8.965849905360278,9.567661294682686,1.1847601824244671,1.5362252425525291,0.8332951222964038,random_disjoint
past_gap300__trained_blend,MIMIC,DBP_train_median_deviation_>20,319,929,11.196711963321802,12.005082956368751,11.600897459845276,0.4357571149925157,0.6788496256646308,0.1926646043204005,random_disjoint
past_gap300__trained_blend,VitalDB,DBP_train_median_deviation_>20,402,944,9.354325096686612,6.554120195729175,7.954222646207894,1.7791183379239488,2.216580520630239,1.341656155217659,random_disjoint
past_gap300__D0_frozen_lora,Overall,SBP_train_median_deviation_0-10,2051,50195,3.275825360513807,1.9040882721345775,2.589956816324192,0.0,0.0,0.0,random_disjoint
past_gap300__D0_frozen_lora,MIMIC,SBP_train_median_deviation_0-10,1011,25757,3.5161541406557903,2.0542609930432074,2.7852075668494987,0.0,0.0,0.0,random_disjoint
past_gap300__D0_frozen_lora,VitalDB,SBP_train_median_deviation_0-10,1040,24438,3.042198055971936,1.7581030597897465,2.400150557880841,0.0,0.0,0.0,random_disjoint
past_gap300__D0_frozen_lora,Overall,SBP_train_median_deviation_10-20,2029,20839,4.1576954259594565,2.2473130579934666,3.2025042419764613,0.0,0.0,0.0,random_disjoint
past_gap300__D0_frozen_lora,MIMIC,SBP_train_median_deviation_10-20,991,9707,4.732670097450175,2.500113905248201,3.616392001349188,0.0,0.0,0.0,random_disjoint
past_gap300__D0_frozen_lora,VitalDB,SBP_train_median_deviation_10-20,1038,11132,3.608755253081516,2.0059588772329264,2.807357065157221,0.0,0.0,0.0,random_disjoint
past_gap300__D0_frozen_lora,Overall,SBP_train_median_deviation_>20,1744,11006,6.207376316399166,3.0938103778381705,4.650593347118669,3.478133336898281e-10,1.2759393541728061e-09,-5.803131308823595e-10,random_disjoint
past_gap300__D0_frozen_lora,MIMIC,SBP_train_median_deviation_>20,805,4976,7.718533675003574,3.7110853617409534,5.714809518372263,1.2537260118961058e-09,2.764273254740601e-09,-2.5682034276997e-10,random_disjoint
past_gap300__D0_frozen_lora,VitalDB,SBP_train_median_deviation_>20,939,6030,4.911868676701032,2.564623623800109,3.738246150250571,-4.2882053463699776e-10,0.0,-8.576410692739954e-10,random_disjoint
past_gap300__D0_frozen_lora,Overall,DBP_train_median_deviation_0-10,2051,69707,3.502137143857821,1.848840873621888,2.675489008739855,0.0,0.0,0.0,random_disjoint
past_gap300__D0_frozen_lora,MIMIC,DBP_train_median_deviation_0-10,1011,35229,3.821975621639787,1.94327665784614,2.882626139742964,0.0,0.0,0.0,random_disjoint
past_gap300__D0_frozen_lora,VitalDB,DBP_train_median_deviation_0-10,1040,34478,3.191217239014007,1.7570383949192745,2.4741278169666403,0.0,0.0,0.0,random_disjoint
past_gap300__D0_frozen_lora,Overall,DBP_train_median_deviation_10-20,1762,10460,5.156983667231913,3.264557039045926,4.210770353138919,1.0824905416484396e-09,2.1649810832968797e-09,0.0,random_disjoint
past_gap300__D0_frozen_lora,MIMIC,DBP_train_median_deviation_10-20,791,4282,6.291392055450666,4.059622908426012,5.17550748193834,2.41131381528703e-09,4.8226267423956415e-09,0.0,random_disjoint
past_gap300__D0_frozen_lora,VitalDB,DBP_train_median_deviation_10-20,971,6178,4.232867256231877,2.6168772216621483,3.424872238947013,0.0,0.0,0.0,random_disjoint
past_gap300__D0_frozen_lora,Overall,DBP_train_median_deviation_>20,721,1873,8.633247441981649,8.132554768967559,8.382901105474604,-6.783615447147895e-09,5.290843319016858e-10,-1.4096315226197476e-08,random_disjoint
past_gap300__D0_frozen_lora,MIMIC,DBP_train_median_deviation_>20,319,929,10.517862338853,11.812418350083774,11.165140344468387,-3.8437342197994434e-10,1.1958292134295332e-09,-1.964576057389422e-09,random_disjoint
past_gap300__D0_frozen_lora,VitalDB,DBP_train_median_deviation_>20,402,944,7.137744576056373,5.212464016788275,6.175104296422324,-1.1861621018738331e-08,0.0,-2.372324114929825e-08,random_disjoint
past_gap300__feature_knn,Overall,SBP_train_median_deviation_0-10,2051,50195,4.859196711697727,2.762858035979496,3.811027373838612,1.2210705575144196,1.5833713511839205,0.8587697638449181,random_disjoint
past_gap300__feature_knn,MIMIC,SBP_train_median_deviation_0-10,1011,25757,4.404628263140075,2.534220402815235,3.469424332977655,0.6842167661281562,0.8884741224842845,0.4799594097720274,random_disjoint
past_gap300__feature_knn,VitalDB,SBP_train_median_deviation_0-10,1040,24438,5.30108969390137,2.985120196680522,4.143104945290946,1.742954387410105,2.2588916379294344,1.2270171368907754,random_disjoint
past_gap300__feature_knn,Overall,SBP_train_median_deviation_10-20,2029,20839,6.252214444639793,3.400200844939833,4.826207644789813,1.6237034028133517,2.0945190186803364,1.152887786946367,random_disjoint
past_gap300__feature_knn,MIMIC,SBP_train_median_deviation_10-20,991,9707,5.909351696060111,3.0936220322435584,4.501486864151834,0.8850948628026467,1.1766815986099362,0.5935081269953573,random_disjoint
past_gap300__feature_knn,VitalDB,SBP_train_median_deviation_10-20,1038,11132,6.579552579362783,3.692897958024621,5.1362252686937016,2.3288682035364805,2.9707973262812675,1.6869390807916944,random_disjoint
past_gap300__feature_knn,Overall,SBP_train_median_deviation_>20,1744,11006,9.995618588194652,5.079200998692716,7.537409793443684,2.886816446672829,3.788242273071426,1.9853906202742329,random_disjoint
past_gap300__feature_knn,MIMIC,SBP_train_median_deviation_>20,805,4976,9.592328386725011,4.609445316979274,7.100886851852143,1.3860773347336055,1.8737947144857108,0.8983599549815002,random_disjoint
past_gap300__feature_knn,VitalDB,SBP_train_median_deviation_>20,939,6030,10.34135725931612,5.481920193345881,7.911638726331001,4.17339257565161,5.429488582615087,2.9172965686881307,random_disjoint
past_gap300__feature_knn,Overall,DBP_train_median_deviation_0-10,2051,69707,5.177773972907341,2.756269709452309,3.967021841179825,1.2915328324399704,1.6756368290495196,0.9074288358304212,random_disjoint
past_gap300__feature_knn,MIMIC,DBP_train_median_deviation_0-10,1011,35229,4.773811221414207,2.4469512761689924,3.6103812487916,0.7277551090486365,0.9518355997744204,0.5036746183228524,random_disjoint
past_gap300__feature_knn,VitalDB,DBP_train_median_deviation_0-10,1040,34478,5.570472378445375,3.056962917192149,4.313717647818762,1.8395898308521212,2.3792551394313683,1.2999245222728746,random_disjoint
past_gap300__feature_knn,Overall,DBP_train_median_deviation_10-20,1762,10460,8.175278680133856,5.01889351207686,6.5970860961053575,2.386315744048929,3.018295015066924,1.7543364730309343,random_disjoint
past_gap300__feature_knn,MIMIC,DBP_train_median_deviation_10-20,791,4282,7.748580372144122,4.863713903440915,6.306147137792518,1.1306396582654925,1.4571883215160826,0.8040909950149029,random_disjoint
past_gap300__feature_knn,VitalDB,DBP_train_median_deviation_10-20,971,6178,8.52287740476813,5.145306560924473,6.834091982846301,3.409219743899288,4.290010148536252,2.5284293392623245,random_disjoint
past_gap300__feature_knn,Overall,DBP_train_median_deviation_>20,721,1873,15.141018924876851,12.042336215369591,13.591677570123222,5.208776457865003,6.507771483424287,3.909781432305719,random_disjoint
past_gap300__feature_knn,MIMIC,DBP_train_median_deviation_>20,319,929,12.745466216208792,12.829926096482383,12.787696156345588,1.622555811492827,2.227603878551621,1.0175077444340328,random_disjoint
past_gap300__feature_knn,VitalDB,DBP_train_median_deviation_>20,402,944,17.041967467327375,11.41735817538208,14.229662821354726,8.05455851307078,9.904222891271,6.204894134870562,random_disjoint
past_gap300__nearest_record_time_bp,Overall,SBP_train_median_deviation_0-10,2051,50195,7.169807765239762,3.9168177720784856,5.543312768659124,2.953355952334932,3.893982404725955,2.012729499943908,random_disjoint
past_gap300__nearest_record_time_bp,MIMIC,SBP_train_median_deviation_0-10,1011,25757,5.77122213826252,3.0255031965961696,4.398362667429344,1.6131551005798457,2.255067997606729,0.9712422035529622,random_disjoint
past_gap300__nearest_record_time_bp,VitalDB,SBP_train_median_deviation_0-10,1040,24438,8.529394369926296,4.783278383436776,6.656336376681535,4.256185818800694,5.48719631395436,3.025175323647029,random_disjoint
past_gap300__nearest_record_time_bp,Overall,SBP_train_median_deviation_10-20,2029,20839,9.253333502243784,4.923259157818996,7.08829633003139,3.885792088054929,5.095638076284327,2.6759460998255293,random_disjoint
past_gap300__nearest_record_time_bp,MIMIC,SBP_train_median_deviation_10-20,991,9707,7.325925211682653,3.7477805153541,5.5368528635183765,1.9204608621691888,2.5932551142324787,1.2476666101058989,random_disjoint
past_gap300__nearest_record_time_bp,VitalDB,SBP_train_median_deviation_10-20,1038,11132,11.093469933791065,6.045512852118335,8.5694913929547,5.762134327797478,7.484714680709549,4.039553974885408,random_disjoint
past_gap300__nearest_record_time_bp,Overall,SBP_train_median_deviation_>20,1744,11006,14.765302389771373,7.586262077143218,11.175782233457294,6.525188886686439,8.557926074648146,4.492451698724734,random_disjoint
past_gap300__nearest_record_time_bp,MIMIC,SBP_train_median_deviation_>20,805,4976,11.193545686328877,5.401647466087229,8.297596576208052,2.5827870590895152,3.4750120140895744,1.6905621040894552,random_disjoint
past_gap300__nearest_record_time_bp,VitalDB,SBP_train_median_deviation_>20,939,6030,17.827351533830168,9.459121248495796,13.643236391162985,9.904990240483592,12.915482857129136,6.8944976238380455,random_disjoint
past_gap300__nearest_record_time_bp,Overall,DBP_train_median_deviation_0-10,2051,69707,7.693145541733778,4.006733886663807,5.8499397141987926,3.1744507054589377,4.191008397875957,2.1578930130419187,random_disjoint
past_gap300__nearest_record_time_bp,MIMIC,DBP_train_median_deviation_0-10,1011,35229,6.1608282212377965,3.0258426087376744,4.593335414987736,1.710709275244772,2.3388525995980096,1.0825659508915344,random_disjoint
past_gap300__nearest_record_time_bp,VitalDB,DBP_train_median_deviation_0-10,1040,34478,9.182734783100546,4.960273388570844,7.071504085835695,4.597376268869055,5.991517544086539,3.2032349936515696,random_disjoint
past_gap300__nearest_record_time_bp,Overall,DBP_train_median_deviation_10-20,1762,10460,12.654339190879805,7.227489088235113,9.940914139557458,5.73014378750103,7.497355525812873,3.962932049189187,random_disjoint
past_gap300__nearest_record_time_bp,MIMIC,DBP_train_median_deviation_10-20,791,4282,9.4579004427855,5.445237854850304,7.451569148817903,2.2760616692908773,3.166508392157461,1.3856149464242922,random_disjoint
past_gap300__nearest_record_time_bp,VitalDB,DBP_train_median_deviation_10-20,971,6178,15.25823522563016,8.679353893186075,11.968794559408115,8.543922320461103,11.025367969398282,6.062476671523926,random_disjoint
past_gap300__nearest_record_time_bp,Overall,DBP_train_median_deviation_>20,721,1873,22.184066823380203,16.124457367043558,19.15426209521188,10.77136098295366,13.55081938192764,7.991902583979684,random_disjoint
past_gap300__nearest_record_time_bp,MIMIC,DBP_train_median_deviation_>20,319,929,14.10341251302832,13.07001875830915,13.586715635668735,2.4215752908159747,3.58555017537115,1.2576004062607993,random_disjoint
past_gap300__nearest_record_time_bp,VitalDB,DBP_train_median_deviation_>20,402,944,28.59632733333605,18.548253178452207,23.572290255894128,17.397185947610183,21.458582757279675,13.33578913794069,random_disjoint
past_gap300__time_matched_feature_uniform,Overall,SBP_train_median_deviation_0-10,2051,50195,4.944355667900999,2.810829182618899,3.877592425259949,1.2876356089357568,1.6685303073871922,0.9067409104843214,random_disjoint
past_gap300__time_matched_feature_uniform,MIMIC,SBP_train_median_deviation_0-10,1011,25757,4.491605384926208,2.5840740535204243,3.5378397192233164,0.7526321523738178,0.9754512442704176,0.5298130604772169,random_disjoint
past_gap300__time_matched_feature_uniform,VitalDB,SBP_train_median_deviation_0-10,1040,24438,5.384481183369764,3.0312613321559736,4.207871257762869,1.807720699882028,2.342283127397828,1.2731582723662271,random_disjoint
past_gap300__time_matched_feature_uniform,Overall,SBP_train_median_deviation_10-20,2029,20839,6.399161445453923,3.484577568695357,4.94186950707464,1.7393652650981783,2.2414660194944664,1.2372645107018905,random_disjoint
past_gap300__time_matched_feature_uniform,MIMIC,SBP_train_median_deviation_10-20,991,9707,6.058824705699409,3.1701326710003577,4.614478688349883,0.9980866870006952,1.326154608249234,0.6700187657521566,random_disjoint
past_gap300__time_matched_feature_uniform,VitalDB,SBP_train_median_deviation_10-20,1038,11132,6.724087947473889,3.78478459530012,5.2544362713870045,2.4470792062297835,3.115332694392373,1.7788257180671936,random_disjoint
past_gap300__time_matched_feature_uniform,Overall,SBP_train_median_deviation_>20,1744,11006,10.41624001383938,5.272544103664965,7.844392058752172,3.1937987119813167,4.2088636987161525,2.178733725246482,random_disjoint
past_gap300__time_matched_feature_uniform,MIMIC,SBP_train_median_deviation_>20,805,4976,9.976743512370552,4.74028847639509,7.358515994382821,1.643706477264284,2.258209840131252,1.0292031143973164,random_disjoint
past_gap300__time_matched_feature_uniform,VitalDB,SBP_train_median_deviation_>20,939,6030,10.793018164725863,5.728844188811131,8.260931176768498,4.522685026089107,5.881149488024831,3.1642205641533803,random_disjoint
past_gap300__time_matched_feature_uniform,Overall,DBP_train_median_deviation_0-10,2051,69707,5.279190884157938,2.8011925286918897,4.040191706424913,1.3647026976850585,1.7770537403001168,0.9523516550700016,random_disjoint
past_gap300__time_matched_feature_uniform,MIMIC,DBP_train_median_deviation_0-10,1011,35229,4.88514250284728,2.491488512070028,3.6883155074586536,0.80568936771569,1.0631668812074926,0.5482118542238876,random_disjoint
past_gap300__time_matched_feature_uniform,VitalDB,DBP_train_median_deviation_0-10,1040,34478,5.662251377912818,3.10226056792718,4.382255972919999,1.9081281559533585,2.471034138898811,1.3452221730079057,random_disjoint
past_gap300__time_matched_feature_uniform,Overall,DBP_train_median_deviation_10-20,1762,10460,8.521868897449254,5.215359398535916,6.868614147992584,2.657843795936156,3.3648852323823224,1.9508023594899897,random_disjoint
past_gap300__time_matched_feature_uniform,MIMIC,DBP_train_median_deviation_10-20,791,4282,8.052996029407609,5.051110301959925,6.552053165683767,1.376545686156741,1.7616039787795694,0.9914873935339132,random_disjoint
past_gap300__time_matched_feature_uniform,VitalDB,DBP_train_median_deviation_10-20,971,6178,8.903824035060934,5.349160670823877,7.126492352942405,3.701620113995392,4.670956778829057,2.7322834491617285,random_disjoint
past_gap300__time_matched_feature_uniform,Overall,DBP_train_median_deviation_>20,721,1873,15.749305341536372,12.551516808121654,14.150411074829012,5.767509962570793,7.116057900083808,4.41896202505778,random_disjoint
past_gap300__time_matched_feature_uniform,MIMIC,DBP_train_median_deviation_>20,319,929,12.927170081478623,13.139058127671328,13.033114104574976,1.867973759722215,2.4093077438214525,1.3266397756229775,random_disjoint
past_gap300__time_matched_feature_uniform,VitalDB,DBP_train_median_deviation_>20,402,944,17.988760933472744,12.08528377096657,15.037022352219656,8.861918043935711,10.85101635741637,6.872819730455053,random_disjoint
past_gap300__time_stratum_random_uniform,Overall,SBP_train_median_deviation_0-10,2051,50195,6.553926528070445,3.76449937367956,5.159212950875002,2.56925613455081,3.278101167556638,1.8604111015449825,random_disjoint
past_gap300__time_stratum_random_uniform,MIMIC,SBP_train_median_deviation_0-10,1011,25757,5.550159048209158,3.196563615590019,4.373361331899589,1.58815376505009,2.034004907553368,1.1423026225468114,random_disjoint
past_gap300__time_stratum_random_uniform,VitalDB,SBP_train_median_deviation_0-10,1040,24438,7.529704337820215,4.316598461591605,5.92315139970591,3.523000841825069,4.48750628184828,2.558495401801858,random_disjoint
past_gap300__time_stratum_random_uniform,Overall,SBP_train_median_deviation_10-20,2029,20839,10.289090213008976,5.347611161076816,7.818350687042896,4.615846445066435,6.131394787049519,3.10029810308335,random_disjoint
past_gap300__time_stratum_random_uniform,MIMIC,SBP_train_median_deviation_10-20,991,9707,8.788499366949248,4.280361123695156,6.534430245322202,2.9180382439730144,4.055829269499073,1.7802472184469544,random_disjoint
past_gap300__time_stratum_random_uniform,VitalDB,SBP_train_median_deviation_10-20,1038,11132,11.721735230778908,6.366536774800542,9.044136002789724,6.236778937632503,8.112979977697393,4.360577897567616,random_disjoint
past_gap300__time_stratum_random_uniform,Overall,SBP_train_median_deviation_>20,1744,11006,18.172017442317134,8.77152440439798,13.47177092335756,8.821177576586702,11.96464112719391,5.677714025979496,random_disjoint
past_gap300__time_stratum_random_uniform,MIMIC,SBP_train_median_deviation_>20,805,4976,14.752365038497368,6.584739053491516,10.668552045994442,4.953742528875905,7.033831366258068,2.8736536914937423,random_disjoint
past_gap300__time_stratum_random_uniform,VitalDB,SBP_train_median_deviation_>20,939,6030,21.103668331640797,10.646244540159111,15.874956435899954,12.136710285220564,16.19179965493976,8.081620915501363,random_disjoint
past_gap300__time_stratum_random_uniform,Overall,DBP_train_median_deviation_0-10,2051,69707,7.770397638385373,3.9350091827824496,5.852703410583912,3.177214401844057,4.268260494527552,2.0861683091605614,random_disjoint
past_gap300__time_stratum_random_uniform,MIMIC,DBP_train_median_deviation_0-10,1011,35229,6.557702174754911,3.177181174639668,4.8674416746972895,1.984815534954326,2.735726553115124,1.2339045167935276,random_disjoint
past_gap300__time_stratum_random_uniform,VitalDB,DBP_train_median_deviation_0-10,1040,34478,8.949277555433834,4.6717054483904805,6.810491501912157,4.336363684945517,5.758060316419828,2.9146670534712062,random_disjoint
past_gap300__time_stratum_random_uniform,Overall,DBP_train_median_deviation_10-20,1762,10460,14.617473137120069,8.720538284469738,11.669005710794902,7.458235358738474,9.460489472053135,5.455981245423812,random_disjoint
past_gap300__time_stratum_random_uniform,MIMIC,DBP_train_median_deviation_10-20,791,4282,11.769706658888865,7.201645678966563,9.485676168927712,4.310168689400687,5.478314608260823,3.1420227705405512,random_disjoint
past_gap300__time_stratum_random_uniform,VitalDB,DBP_train_median_deviation_10-20,971,6178,16.93733233823323,9.957864804503734,13.44759857136848,10.022726332421469,12.704465082001352,7.340987582841585,random_disjoint
past_gap300__time_stratum_random_uniform,Overall,DBP_train_median_deviation_>20,721,1873,25.046156701497463,18.34674524126093,21.6964509713792,13.31354985912098,16.412909260044902,10.214190458197056,random_disjoint
past_gap300__time_stratum_random_uniform,MIMIC,DBP_train_median_deviation_>20,319,929,16.9452022136738,16.19410399914014,16.569653106406967,5.404512761554207,6.427339876016628,4.381685647091789,random_disjoint
past_gap300__time_stratum_random_uniform,VitalDB,DBP_train_median_deviation_>20,402,944,31.474526058750577,20.054935679660264,25.764730869205422,19.58962656092148,24.336781482694203,14.842471639148748,random_disjoint
fixed_blend,Overall,SBP_train_median_deviation_0-10,1862,52043,4.288084790964437,2.485853840365059,3.386969315664748,0.0818273065372077,0.1133001903969193,0.0503544226774961,chronological_blocked
fixed_blend,MIMIC,SBP_train_median_deviation_0-10,918,27267,3.85347396572784,2.2513410019357143,3.052407483831777,0.036229393590268,0.0522999858245745,0.0201588013559619,chronological_blocked
fixed_blend,VitalDB,SBP_train_median_deviation_0-10,944,24776,4.710725402794092,2.713907638752917,3.7123165207735047,0.1261693447631509,0.1726203045890928,0.0797183849372085,chronological_blocked
fixed_blend,Overall,SBP_train_median_deviation_10-20,1500,19744,6.320520502967499,3.298999868428579,4.809760185698039,0.1763571841339022,0.2300380993758137,0.1226762688919897,chronological_blocked
fixed_blend,MIMIC,SBP_train_median_deviation_10-20,693,8544,6.471313901428177,3.26446856878004,4.867891235104109,0.142453951617596,0.1735396053388722,0.1113682978963193,chronological_blocked
fixed_blend,VitalDB,SBP_train_median_deviation_10-20,807,11200,6.191028774177846,3.328653140617473,4.7598409573976594,0.2054711124285742,0.2785553935116267,0.1323868313455212,chronological_blocked
fixed_blend,Overall,SBP_train_median_deviation_>20,741,10253,10.148770172782267,5.4023731475750125,7.77557166017864,0.2064722516196768,0.3258014973886816,0.0871430058506721,chronological_blocked
fixed_blend,MIMIC,SBP_train_median_deviation_>20,329,4629,11.051140271002286,5.287939370496339,8.169539820749312,0.1737974150923289,0.2926256395626812,0.0549691906219775,chronological_blocked
fixed_blend,VitalDB,SBP_train_median_deviation_>20,412,5624,9.428188225417252,5.493753518106282,7.460970871761768,0.2325645361281658,0.3522938692934243,0.1128352029629065,chronological_blocked
fixed_blend,Overall,DBP_train_median_deviation_0-10,1999,71072,4.647811013854499,2.422446322272184,3.5351286680633414,0.0954662504783163,0.1312937495534267,0.0596387514032059,chronological_blocked
fixed_blend,MIMIC,DBP_train_median_deviation_0-10,982,35999,4.336995727872279,2.1719907733965904,3.2544932506344346,0.0394344153675487,0.0442689473806421,0.0345998833544549,chronological_blocked
fixed_blend,VitalDB,DBP_train_median_deviation_0-10,1017,35073,4.947929608578728,2.664282456978018,3.806106032778373,0.1495697530139859,0.2153235978657939,0.0838159081621778,chronological_blocked
fixed_blend,Overall,DBP_train_median_deviation_10-20,776,9172,8.228643313459633,5.273514456898488,6.75107888517906,0.187450819081036,0.2556024059376574,0.1192992322244146,chronological_blocked
fixed_blend,MIMIC,DBP_train_median_deviation_10-20,300,3641,9.187731860804584,5.9284383057340575,7.55808508326932,0.1030717315237357,0.1612752231436722,0.0448682399038,chronological_blocked
fixed_blend,VitalDB,DBP_train_median_deviation_10-20,476,5531,7.624175741603572,4.860747325279433,6.242461533441503,0.2406309162810167,0.3150523110599188,0.1662095215021137,chronological_blocked
fixed_blend,Overall,DBP_train_median_deviation_>20,186,1796,12.289847274410755,12.900946662507575,12.595396968459166,-0.2137582665836568,-0.2271298992939598,-0.2003866338733555,chronological_blocked
fixed_blend,MIMIC,DBP_train_median_deviation_>20,78,800,11.767612023267292,13.508408862393354,12.638010442830325,-0.3892305195857037,-0.3779622361577601,-0.4004988030136474,chronological_blocked
fixed_blend,VitalDB,DBP_train_median_deviation_>20,108,996,12.667017178014362,12.462223962590066,12.564620570302214,-0.0870283060821837,-0.1181954337812225,-0.0558611783831448,chronological_blocked
trained_blend,Overall,SBP_train_median_deviation_0-10,1862,52043,4.152354707413162,2.4239610514244765,3.288157879418819,-0.0169841297087209,-0.0224298931543556,-0.0115383662630863,chronological_blocked
trained_blend,MIMIC,SBP_train_median_deviation_0-10,918,27267,3.804514937148685,2.2239314913849757,3.0142232142668304,-0.0019548759746785,0.0033409572454194,-0.0072507091947771,chronological_blocked
trained_blend,VitalDB,SBP_train_median_deviation_0-10,944,24776,4.49061414502205,2.618481322734077,3.554547733878064,-0.0315994421322902,-0.0474909531829483,-0.0157079310816321,chronological_blocked
trained_blend,Overall,SBP_train_median_deviation_10-20,1500,19744,5.939371817596235,3.1338206631837133,4.536596240389974,-0.0968067611741627,-0.1511105859954504,-0.0425029363528759,chronological_blocked
trained_blend,MIMIC,SBP_train_median_deviation_10-20,693,8544,6.104656578646551,3.135317320681092,4.619986949663822,-0.1054503338226906,-0.1931177174427532,-0.0177829502026285,chronological_blocked
trained_blend,VitalDB,SBP_train_median_deviation_10-20,807,11200,5.7974358331998666,3.1325354294220245,4.464985631310945,-0.0893842136581399,-0.1150375474663523,-0.0637308798499272,chronological_blocked
trained_blend,Overall,SBP_train_median_deviation_>20,741,10253,9.649705360138569,5.2438614452739,7.446783402706234,-0.1223160058527295,-0.1732633152550189,-0.07136869645044,chronological_blocked
trained_blend,MIMIC,SBP_train_median_deviation_>20,329,4629,10.512781471417709,5.168330278232643,7.840555874825175,-0.1551865308318083,-0.2457331600218975,-0.0646399016417182,chronological_blocked
trained_blend,VitalDB,SBP_train_median_deviation_>20,412,5624,8.960501378073426,5.3041763820617,7.132338880067563,-0.0960674555660396,-0.1153929780504032,-0.0767419330816761,chronological_blocked
trained_blend,Overall,DBP_train_median_deviation_0-10,1999,71072,4.451208645234996,2.341735596653789,3.3964721209443924,-0.0431902966406325,-0.0653086190660756,-0.021071974215189,chronological_blocked
trained_blend,MIMIC,DBP_train_median_deviation_0-10,982,35999,4.212214925204406,2.130105723985245,3.171160324594825,-0.0438985106720606,-0.0805118552872308,-0.0072851660568904,chronological_blocked
trained_blend,VitalDB,DBP_train_median_deviation_0-10,1017,35073,4.681977409315665,2.5460822386995208,3.6140298240075928,-0.0425064557567944,-0.0506286013972694,-0.0343843101163194,chronological_blocked
trained_blend,Overall,DBP_train_median_deviation_10-20,776,9172,7.841692185859353,5.036796623268318,6.439244404563835,-0.1243836615341891,-0.131348721662623,-0.1174186014057561,chronological_blocked
trained_blend,MIMIC,DBP_train_median_deviation_10-20,300,3641,8.85869235095284,5.739352516699537,7.299022433826188,-0.1559909179193965,-0.1677642867080724,-0.1442175491307207,chronological_blocked
trained_blend,VitalDB,DBP_train_median_deviation_10-20,476,5531,7.200725695254215,4.594009295475533,5.897367495364874,-0.1044631217956126,-0.1083977352894391,-0.1005285083017861,chronological_blocked
trained_blend,Overall,DBP_train_median_deviation_>20,186,1796,12.25014016050158,12.79079531437662,12.5204677374391,-0.288687497603723,-0.2668370132031352,-0.3105379820043108,chronological_blocked
trained_blend,MIMIC,DBP_train_median_deviation_>20,78,800,11.938845453443438,13.37621743995351,12.657531446698474,-0.3697095157175525,-0.2067288059816139,-0.5326902254534911,chronological_blocked
trained_blend,VitalDB,DBP_train_median_deviation_>20,108,996,12.474964115599128,12.367990445904418,12.421477280751771,-0.2301715956326244,-0.310248496196456,-0.1500946950687929,chronological_blocked
E3_zero_reliability,Overall,SBP_train_median_deviation_0-10,1862,52043,4.235635498411489,2.454878884935032,3.3452571916732605,0.0401151825457204,0.0608508978439719,0.0193794672474689,chronological_blocked
E3_zero_reliability,MIMIC,SBP_train_median_deviation_0-10,918,27267,3.807932091532836,2.2248998570828684,3.016415974307852,0.000237884066343,0.00675811162957,-0.0062823434968839,chronological_blocked
E3_zero_reliability,VitalDB,SBP_train_median_deviation_0-10,944,24776,4.651558938575264,2.6785237446471983,3.6650413416112313,0.0788941656008774,0.1134538403702656,0.0443344908314893,chronological_blocked
E3_zero_reliability,Overall,SBP_train_median_deviation_10-20,1500,19744,6.253571034132863,3.2595497384984493,4.756560386315656,0.1231573847515195,0.1630886305411776,0.08322613896186,chronological_blocked
E3_zero_reliability,MIMIC,SBP_train_median_deviation_10-20,693,8544,6.41612591360345,3.230508083505254,4.823316998554352,0.0978797150678394,0.1183516175141452,0.0774078126215336,chronological_blocked
E3_zero_reliability,VitalDB,SBP_train_median_deviation_10-20,807,11200,6.113979297487117,3.2844888548680715,4.699234076177595,0.1448642312085093,0.2015059168208983,0.0882225455961198,chronological_blocked
E3_zero_reliability,Overall,SBP_train_median_deviation_>20,741,10253,10.070443077794426,5.366438953259032,7.718441015526729,0.1493416069677655,0.2474744024008401,0.0512088115346918,chronological_blocked
E3_zero_reliability,MIMIC,SBP_train_median_deviation_>20,329,4629,10.99954091281002,5.260437389541149,8.129989151175584,0.1342467455186007,0.2410262813704147,0.0274672096667876,chronological_blocked
E3_zero_reliability,VitalDB,SBP_train_median_deviation_>20,412,5624,9.328517864881489,5.451085833024044,7.389801848952766,0.1613955133191638,0.2526235087576598,0.0701675178806677,chronological_blocked
E3_zero_reliability,Overall,DBP_train_median_deviation_0-10,1999,71072,4.593568787688176,2.386614066750669,3.490091427219423,0.050429009634398,0.0770515233871043,0.0238064958816912,chronological_blocked
E3_zero_reliability,MIMIC,DBP_train_median_deviation_0-10,982,35999,4.296168563621755,2.134615547187799,3.215392055404777,0.0003332201378913,0.0034417831301185,-0.0027753428543366,chronological_blocked
E3_zero_reliability,VitalDB,DBP_train_median_deviation_0-10,1017,35073,4.880733999126944,2.629940070891023,3.755337035008984,0.0988007552445964,0.1481279884140098,0.0494735220751829,chronological_blocked
E3_zero_reliability,Overall,DBP_train_median_deviation_10-20,776,9172,8.157970671482744,5.241557417179263,6.699764044331003,0.1361359782329785,0.1849297639607678,0.0873421925051891,chronological_blocked
E3_zero_reliability,MIMIC,DBP_train_median_deviation_10-20,300,3641,9.140165905290248,5.91334417772862,7.526755041509434,0.0717416897638489,0.1137092676293356,0.0297741118983623,chronological_blocked
E3_zero_reliability,VitalDB,DBP_train_median_deviation_10-20,476,5531,7.538940061940202,4.818162400026307,6.178551230983254,0.1767206138227681,0.2298166313965479,0.1236245962489883,chronological_blocked
E3_zero_reliability,Overall,DBP_train_median_deviation_>20,186,1796,12.2981338249621,12.977815738493504,12.637974781727802,-0.1711804533150207,-0.2188433487426166,-0.1235175578874265,chronological_blocked
E3_zero_reliability,MIMIC,DBP_train_median_deviation_>20,78,800,11.839352585606322,13.68788038685951,12.763616486232916,-0.2636244761831108,-0.3062216738187295,-0.221027278547492,chronological_blocked
E3_zero_reliability,VitalDB,DBP_train_median_deviation_>20,108,996,12.629475831163491,12.464991270229165,12.54723355069633,-0.104415325688068,-0.1557367806320915,-0.0530938707440462,chronological_blocked
E3_trained_reliability,Overall,SBP_train_median_deviation_0-10,1862,52043,4.128702807382152,2.40723866078934,3.267970734085746,-0.037171275041794,-0.0460817931853654,-0.0282607568982227,chronological_blocked
E3_trained_reliability,MIMIC,SBP_train_median_deviation_0-10,918,27267,3.771791763322089,2.2035106887354714,2.98765122602878,-0.0285268642127287,-0.029382216581177,-0.0276715118442809,chronological_blocked
E3_trained_reliability,VitalDB,SBP_train_median_deviation_0-10,944,24776,4.47578367438124,2.605355481070537,3.5405695777258885,-0.0455775982844652,-0.062321423823759,-0.0288337727451715,chronological_blocked
E3_trained_reliability,Overall,SBP_train_median_deviation_10-20,1500,19744,5.935903453165558,3.125249587782272,4.530576520473915,-0.1028264810902221,-0.154578950426127,-0.0510740117543173,chronological_blocked
E3_trained_reliability,MIMIC,SBP_train_median_deviation_10-20,693,8544,6.102418668760916,3.123221186713692,4.612819927737304,-0.1126173557492089,-0.1953556273283885,-0.0298790841700284,chronological_blocked
E3_trained_reliability,VitalDB,SBP_train_median_deviation_10-20,807,11200,5.792910833081815,3.1269914489229484,4.4599511410023815,-0.0944187039667037,-0.1195625475844037,-0.0692748603490032,chronological_blocked
E3_trained_reliability,Overall,SBP_train_median_deviation_>20,741,10253,9.66808502576584,5.244626243349523,7.456355634557681,-0.1127437740012817,-0.1548836496277452,-0.0706038983748174,chronological_blocked
E3_trained_reliability,MIMIC,SBP_train_median_deviation_>20,329,4629,10.552089831161055,5.162794308094079,7.857442069627568,-0.138300336029415,-0.2064248002785476,-0.0701758717802825,chronological_blocked
E3_trained_reliability,VitalDB,SBP_train_median_deviation_>20,412,5624,8.962168567088591,5.309972618832633,7.136070592960612,-0.09233574267299,-0.1137257890352376,-0.0709456963107424,chronological_blocked
E3_trained_reliability,Overall,DBP_train_median_deviation_0-10,1999,71072,4.435824008225121,2.324397304938637,3.380110656581879,-0.0595517610031461,-0.0806932560759507,-0.0384102659303411,chronological_blocked
E3_trained_reliability,MIMIC,DBP_train_median_deviation_0-10,982,35999,4.194928340593916,2.102750495065035,3.148839417829476,-0.0662194174374102,-0.0977984398977209,-0.0346403949771003,chronological_blocked
E3_trained_reliability,VitalDB,DBP_train_median_deviation_0-10,1017,35073,4.668429264482587,2.5384161518372377,3.603422708159912,-0.053113571604475,-0.0641767462303475,-0.0420503969786025,chronological_blocked
E3_trained_reliability,Overall,DBP_train_median_deviation_10-20,776,9172,7.8532857125717985,5.049059391896369,6.451172552234084,-0.1124555138639404,-0.1197551949501773,-0.1051558327777044,chronological_blocked
E3_trained_reliability,MIMIC,DBP_train_median_deviation_10-20,300,3641,8.885089543772091,5.76295048261084,7.324020013191466,-0.1309933385541191,-0.1413670938888209,-0.1206195832194172,chronological_blocked
E3_trained_reliability,VitalDB,DBP_train_median_deviation_10-20,476,5531,7.202989180302705,4.599128032202374,5.90105860625254,-0.1007720109079466,-0.1061342502409488,-0.0954097715749444,chronological_blocked
E3_trained_reliability,Overall,DBP_train_median_deviation_>20,186,1796,12.323966032135852,12.902368257488703,12.613167144812278,-0.1959880902305446,-0.1930111415688635,-0.1989650388922257,chronological_blocked
E3_trained_reliability,MIMIC,DBP_train_median_deviation_>20,78,800,12.00479312680773,13.579670429775652,12.79223177829169,-0.2350091841243369,-0.140781132617322,-0.32923723563135,chronological_blocked
E3_trained_reliability,VitalDB,DBP_train_median_deviation_>20,108,996,12.554479797095048,12.413205577503687,12.483842687299369,-0.1678061890850291,-0.230732814700536,-0.1048795634695221,chronological_blocked
D0_frozen_lora,Overall,SBP_train_median_deviation_0-10,1862,52043,4.174784600567517,2.435499417687563,3.30514200912754,0.0,0.0,0.0,chronological_blocked
D0_frozen_lora,MIMIC,SBP_train_median_deviation_0-10,918,27267,3.8011739799032656,2.2311822005797524,3.016178090241509,0.0,0.0,0.0,chronological_blocked
D0_frozen_lora,VitalDB,SBP_train_median_deviation_0-10,944,24776,4.538105098204999,2.634189253815709,3.586147176010354,0.0,0.0,0.0,chronological_blocked
D0_frozen_lora,Overall,SBP_train_median_deviation_10-20,1500,19744,6.090482403591685,3.1763235994488945,4.63340300152029,-4.3846704045336076e-11,0.0,-8.76947403583017e-11,chronological_blocked
D0_frozen_lora,MIMIC,SBP_train_median_deviation_10-20,693,8544,6.297774296089305,3.1531002706939057,4.725437283391605,-9.490808139389627e-11,0.0,-1.89814830520163e-10,chronological_blocked
D0_frozen_lora,VitalDB,SBP_train_median_deviation_10-20,807,11200,5.912473380666219,3.196266309271952,4.554369844969085,0.0,0.0,0.0,chronological_blocked
D0_frozen_lora,Overall,SBP_train_median_deviation_>20,741,10253,9.822968675393586,5.315230131428262,7.569099403410924,-5.148039328162213e-09,0.0,-1.0296078656324426e-08,chronological_blocked
D0_frozen_lora,MIMIC,SBP_train_median_deviation_>20,329,4629,10.758514631439605,5.2329701798743615,7.995742405656983,0.0,0.0,0.0,chronological_blocked
D0_frozen_lora,VitalDB,SBP_train_median_deviation_>20,412,5624,9.075894356123827,5.380918296625428,7.228406326374628,-9.258974031922662e-09,0.0,-1.8517948063845324e-08,chronological_blocked
D0_frozen_lora,Overall,DBP_train_median_deviation_0-10,1999,71072,4.516517264301072,2.36280757082127,3.4396624175611707,-2.3854251907096117e-11,0.0,-4.770805972498238e-11,chronological_blocked
D0_frozen_lora,MIMIC,DBP_train_median_deviation_0-10,982,35999,4.292726780491637,2.13739088994502,3.215058835218328,-4.8557602383425547e-11,0.0,-9.711520476685108e-11,chronological_blocked
D0_frozen_lora,VitalDB,DBP_train_median_deviation_0-10,1017,35073,4.732606010712934,2.5804665488158403,3.656536279764387,0.0,0.0,0.0,chronological_blocked
D0_frozen_lora,Overall,DBP_train_median_deviation_10-20,776,9172,7.973040907521976,5.154215224674074,6.563628066098024,0.0,0.0,0.0,chronological_blocked
D0_frozen_lora,MIMIC,DBP_train_median_deviation_10-20,300,3641,9.026456637660912,5.883570065830257,7.455013351745585,0.0,0.0,0.0,chronological_blocked
D0_frozen_lora,VitalDB,DBP_train_median_deviation_10-20,476,5531,7.309123430543654,4.694537803777319,6.001830617160486,0.0,0.0,0.0,chronological_blocked
D0_frozen_lora,Overall,DBP_train_median_deviation_>20,186,1796,12.516977173704715,13.10133325536268,12.809155214533698,-2.0509125064904765e-08,0.0,-4.101825012980953e-08,chronological_blocked
D0_frozen_lora,MIMIC,DBP_train_median_deviation_>20,78,800,12.145574259425052,13.908907665407002,13.027240962416029,0.0,0.0,0.0,chronological_blocked
D0_frozen_lora,VitalDB,DBP_train_median_deviation_>20,108,996,12.785212611795584,12.518085070330669,12.651648841063126,-3.5321271241173235e-08,0.0,-7.064254248234647e-08,chronological_blocked
feature_knn,Overall,SBP_train_median_deviation_0-10,1862,52043,4.51010385903159,2.6024944670613817,3.5562991630464857,0.2511571539189456,0.3353192584640725,0.1669950493738188,chronological_blocked
feature_knn,MIMIC,SBP_train_median_deviation_0-10,918,27267,3.976590445246978,2.3187734257092787,3.147681935478128,0.1315038452366193,0.1754164653437127,0.0875912251295263,chronological_blocked
feature_knn,VitalDB,SBP_train_median_deviation_0-10,944,24776,5.028923047436543,2.878401157698278,3.95366210256741,0.3675149265570563,0.4908179492315438,0.2442119038825692,chronological_blocked
feature_knn,Overall,SBP_train_median_deviation_10-20,1500,19744,6.592639793434148,3.4777673444543167,5.035203568944232,0.4018005673800955,0.5021573898424627,0.3014437449177274,chronological_blocked
feature_knn,MIMIC,SBP_train_median_deviation_10-20,693,8544,6.641975572018003,3.399504086941133,5.020739829479568,0.2953025459930556,0.3442012759286985,0.2464038160574122,chronological_blocked
feature_knn,VitalDB,SBP_train_median_deviation_10-20,807,11200,6.5502733813416905,3.544974825813223,5.047624103577457,0.4932542586083714,0.6378000006754716,0.3487085165412713,chronological_blocked
feature_knn,Overall,SBP_train_median_deviation_>20,741,10253,10.422415753855317,5.566768827226271,7.994592290540793,0.42549288198183,0.5994470784617292,0.2515386855019308,chronological_blocked
feature_knn,MIMIC,SBP_train_median_deviation_>20,329,4629,11.259979503843669,5.436885199627692,8.34843235173568,0.3526899460786961,0.5014648724040622,0.2039150197533299,chronological_blocked
feature_knn,VitalDB,SBP_train_median_deviation_>20,412,5624,9.753584506898598,5.670486578391157,7.712035542644877,0.4836292070112744,0.6776901507747688,0.2895682632477809,chronological_blocked
feature_knn,Overall,DBP_train_median_deviation_0-10,1999,71072,4.856328691887087,2.5510150859979714,3.703671888942529,0.2640094713575043,0.3398114275860147,0.1882075151289934,chronological_blocked
feature_knn,MIMIC,DBP_train_median_deviation_0-10,982,35999,4.449952497210497,2.248269095958911,3.3491107965847045,0.1340519613178186,0.1572257167188606,0.1108782059167756,chronological_blocked
feature_knn,VitalDB,DBP_train_median_deviation_0-10,1017,35073,5.24871947180096,2.843342089162532,4.046030780481746,0.3894945007173587,0.5161134610880262,0.2628755403466916,chronological_blocked
feature_knn,Overall,DBP_train_median_deviation_10-20,776,9172,8.529767426492745,5.439874697295235,6.984821061893991,0.4211929957959661,0.5567265189707689,0.2856594726211616,chronological_blocked
feature_knn,MIMIC,DBP_train_median_deviation_10-20,300,3641,9.457801938899925,6.10166917575385,7.7797355573268865,0.3247222055813017,0.4313453012390109,0.2180991099235925,chronological_blocked
feature_knn,VitalDB,DBP_train_median_deviation_10-20,476,5531,7.944871725395783,5.022777336922158,6.48382453115897,0.4819939139984841,0.6357482948521289,0.3282395331448393,chronological_blocked
feature_knn,Overall,DBP_train_median_deviation_>20,186,1796,12.585046139689284,12.8987796377739,12.74191288873159,-0.0672423463112323,0.0680689659845672,-0.2025536586070302,chronological_blocked
feature_knn,MIMIC,DBP_train_median_deviation_>20,78,800,12.107606660173287,13.539324122442329,12.823465391307806,-0.2037755711082205,-0.0379675992517647,-0.3695835429646745,chronological_blocked
feature_knn,VitalDB,DBP_train_median_deviation_>20,108,996,12.92986354156195,12.436164176624482,12.683013859093217,0.0313649827088173,0.1446509297663656,-0.081920964348729,chronological_blocked
nearest_record_time_bp,Overall,SBP_train_median_deviation_0-10,1862,52043,6.494005753738199,3.500479625409509,4.997242689573854,1.692100680446314,2.319221153170681,1.064980207721946,chronological_blocked
nearest_record_time_bp,MIMIC,SBP_train_median_deviation_0-10,918,27267,5.622594615631599,2.895323959186634,4.258959287409117,1.242781197167608,1.8214206357283336,0.6641417586068816,chronological_blocked
nearest_record_time_bp,VitalDB,SBP_train_median_deviation_0-10,944,24776,7.3414161613461,4.088967868622009,5.715192014984055,2.129044838973701,2.803311063141101,1.4547786148063002,chronological_blocked
nearest_record_time_bp,Overall,SBP_train_median_deviation_10-20,1500,19744,9.302129117763863,4.673114362615138,6.9876217401895016,2.354218738625365,3.21164671417218,1.4967907630785486,chronological_blocked
nearest_record_time_bp,MIMIC,SBP_train_median_deviation_10-20,693,8544,8.96744423877093,4.1797415182293625,6.573592878500147,1.848155595013634,2.669669942681626,1.026641247345642,chronological_blocked
nearest_record_time_bp,VitalDB,SBP_train_median_deviation_10-20,807,11200,9.58953509191765,5.096791414857197,7.343163253387424,2.7887934084183383,3.677061711251431,1.9005251055852452,chronological_blocked
nearest_record_time_bp,Overall,SBP_train_median_deviation_>20,741,10253,15.41400177455713,7.781835077496207,11.597918426026668,4.028819017467705,5.591033099163544,2.4666049357718665,chronological_blocked
nearest_record_time_bp,MIMIC,SBP_train_median_deviation_>20,329,4629,14.647624088693355,6.565586473200365,10.60660528094686,2.610862875289877,3.889109457253751,1.3326162933260033,chronological_blocked
nearest_record_time_bp,VitalDB,SBP_train_median_deviation_>20,412,5624,16.02598783923961,8.75306272510138,12.389525282170494,5.161118946536892,6.950093483115779,3.372144409958004,chronological_blocked
nearest_record_time_bp,Overall,DBP_train_median_deviation_0-10,1999,71072,6.659162715719817,3.4430624488311863,5.051112582275501,1.6114501646904764,2.142645451418745,1.0802548779622083,chronological_blocked
nearest_record_time_bp,MIMIC,DBP_train_median_deviation_0-10,982,35999,5.826556397202593,2.84434613901692,4.335451268109756,1.1203924328428698,1.533829616710956,0.7069552489747841,chronological_blocked
nearest_record_time_bp,VitalDB,DBP_train_median_deviation_0-10,1017,35073,7.463114932813145,4.02117396922215,5.742144451017648,2.0856081712532606,2.730508922100211,1.4407074204063095,chronological_blocked
nearest_record_time_bp,Overall,DBP_train_median_deviation_10-20,776,9172,13.130468541628314,8.021642030271135,10.576055285949725,4.0124272198517,5.157427634106338,2.867426805597061,chronological_blocked
nearest_record_time_bp,MIMIC,DBP_train_median_deviation_10-20,300,3641,12.788929217712433,7.721216020190518,10.255072618951475,2.8000592672058904,3.76247258005152,1.8376459543602603,chronological_blocked
nearest_record_time_bp,VitalDB,DBP_train_median_deviation_10-20,476,5531,13.345724418045888,8.210986154271525,10.778355286158709,4.776524668998221,6.036600987502235,3.5164483504942066,chronological_blocked
nearest_record_time_bp,Overall,DBP_train_median_deviation_>20,186,1796,19.330928194914016,16.189864640341085,17.76039641762755,4.951241182584727,6.8139510212093,3.0885313439601543,chronological_blocked
nearest_record_time_bp,MIMIC,DBP_train_median_deviation_>20,78,800,15.984172040951604,14.80587146526526,15.39502175310843,2.367780790692404,3.838597781526552,0.8969637998582574,chronological_blocked
nearest_record_time_bp,VitalDB,DBP_train_median_deviation_>20,108,996,21.748029861664648,17.189415266784735,19.46872256422469,6.817073687840294,8.962817249869063,4.671330125811524,chronological_blocked
time_matched_feature_uniform,Overall,SBP_train_median_deviation_0-10,1862,52043,4.528337308726616,2.613430566869634,3.570883937798125,0.2657419286705851,0.353552708159099,0.1779311491820712,chronological_blocked
time_matched_feature_uniform,MIMIC,SBP_train_median_deviation_0-10,918,27267,3.987276529735359,2.33041855206013,3.158847540897744,0.1426694506562351,0.1861025498320931,0.0992363514803775,chronological_blocked
time_matched_feature_uniform,VitalDB,SBP_train_median_deviation_0-10,944,24776,5.054495989991419,2.8886477592373505,3.971571874614384,0.3854246986040306,0.5163908917864202,0.2544585054216415,chronological_blocked
time_matched_feature_uniform,Overall,SBP_train_median_deviation_10-20,1500,19744,6.627468571787057,3.4972281476790075,5.062348359733033,0.428945358168896,0.536986168195372,0.3209045481424182,chronological_blocked
time_matched_feature_uniform,MIMIC,SBP_train_median_deviation_10-20,693,8544,6.689046959245844,3.4266848465305597,5.057865902888201,0.3324286194016883,0.3912726631565393,0.2735845756468387,chronological_blocked
time_matched_feature_uniform,VitalDB,SBP_train_median_deviation_10-20,807,11200,6.574588989991593,3.557806224129906,5.066197607060749,0.5118277620916638,0.6621156093253742,0.3615399148579543,chronological_blocked
time_matched_feature_uniform,Overall,SBP_train_median_deviation_>20,741,10253,10.514134669726518,5.609439003329058,8.061786836527787,0.492687427968824,0.6911659943329322,0.2942088616047176,chronological_blocked
time_matched_feature_uniform,MIMIC,SBP_train_median_deviation_>20,329,4629,11.416820669932456,5.50326646568576,8.460043567809109,0.4643011621521253,0.658306038492853,0.2702962858113986,chronological_blocked
time_matched_feature_uniform,VitalDB,SBP_train_median_deviation_>20,412,5624,9.793300460824204,5.694222413243246,7.743761437033725,0.5153551014001225,0.717406104700375,0.31330409809987,chronological_blocked
time_matched_feature_uniform,Overall,DBP_train_median_deviation_0-10,1999,71072,4.878949775924751,2.5615029746758133,3.7202263753002818,0.2805639577152568,0.3624325116236786,0.1986954038068353,chronological_blocked
time_matched_feature_uniform,MIMIC,DBP_train_median_deviation_0-10,982,35999,4.47330868572473,2.260943955609968,3.3671263206673485,0.1520674854004626,0.180581905233093,0.1235530655678323,chronological_blocked
time_matched_feature_uniform,VitalDB,DBP_train_median_deviation_0-10,1017,35073,5.270630749942864,2.851718271354928,4.061174510648896,0.4046382308845087,0.5380247392299298,0.2712517225390876,chronological_blocked
time_matched_feature_uniform,Overall,DBP_train_median_deviation_10-20,776,9172,8.608442396284529,5.488075998793233,7.048259197538881,0.4846311314408567,0.635401488762553,0.3338607741191595,chronological_blocked
time_matched_feature_uniform,MIMIC,DBP_train_median_deviation_10-20,300,3641,9.600134132040605,6.196585346412316,7.89835973922646,0.4433463874808749,0.573677494379691,0.3130152805820589,chronological_blocked
time_matched_feature_uniform,VitalDB,DBP_train_median_deviation_10-20,476,5531,7.983426596438263,5.0415364939912894,6.512481545214776,0.5106509280542895,0.6743031658946093,0.3469986902139705,chronological_blocked
time_matched_feature_uniform,Overall,DBP_train_median_deviation_>20,186,1796,12.78895482368534,13.000504282420804,12.894729553053072,0.0855743180102486,0.2719776499806237,-0.1008290139601264,chronological_blocked
time_matched_feature_uniform,MIMIC,DBP_train_median_deviation_>20,78,800,12.21309839959929,13.578739180989134,12.89591879029421,-0.1313221721218163,0.0675241401742372,-0.330168484417868,chronological_blocked
time_matched_feature_uniform,VitalDB,DBP_train_median_deviation_>20,108,996,13.204851129969713,12.582890189010344,12.893870659490029,0.2422217831056308,0.4196385181741284,0.0648050480371331,chronological_blocked
time_stratum_random_uniform,Overall,SBP_train_median_deviation_0-10,1862,52043,5.349905323578829,3.2745167071042176,4.312211015341523,1.007069006213983,1.175120723011312,0.8390172894166548,chronological_blocked
time_stratum_random_uniform,MIMIC,SBP_train_median_deviation_0-10,918,27267,4.799201723612307,2.9733735451103374,3.886287634361322,0.870109544119813,0.9980277437090416,0.742191344530585,chronological_blocked
time_stratum_random_uniform,VitalDB,SBP_train_median_deviation_0-10,944,24776,5.885441239647967,3.567365671839792,4.726403455743879,1.1402562797335256,1.3473361414429688,0.9331764180240828,chronological_blocked
time_stratum_random_uniform,Overall,SBP_train_median_deviation_10-20,1500,19744,10.2514224933227,5.135736630504565,7.693579561913632,3.060176560349495,4.160940089731015,1.9594130309679756,chronological_blocked
time_stratum_random_uniform,MIMIC,SBP_train_median_deviation_10-20,693,8544,10.309666980348217,4.83286884312786,7.571267911738039,2.8458306282515258,4.011892684258912,1.679768572244139,chronological_blocked
time_stratum_random_uniform,VitalDB,SBP_train_median_deviation_10-20,807,11200,10.201405852047996,5.395820120779727,7.798612986413861,3.244243141444776,4.288932471381777,2.1995538115077755,chronological_blocked
time_stratum_random_uniform,Overall,SBP_train_median_deviation_>20,741,10253,18.57063836442459,9.030525096163048,13.800581730293818,6.231482321734855,8.747669689031003,3.715294954438708,chronological_blocked
time_stratum_random_uniform,MIMIC,SBP_train_median_deviation_>20,329,4629,18.844041912773207,8.116844364861914,13.48044313881756,5.484700733160576,8.085527281333603,2.883874184987552,chronological_blocked
time_stratum_random_uniform,VitalDB,SBP_train_median_deviation_>20,412,5624,18.352313686253,9.760139078197204,14.056226382225102,6.8278200465915,9.276419330129167,4.379220763053828,chronological_blocked
time_stratum_random_uniform,Overall,DBP_train_median_deviation_0-10,1999,71072,6.739204330943451,3.3795701714985795,5.059387251221016,1.6197248336359906,2.2226870666423792,1.0167626006296016,chronological_blocked
time_stratum_random_uniform,MIMIC,DBP_train_median_deviation_0-10,982,35999,6.271375218820446,2.971465966461757,4.621420592641101,1.406361757374215,1.9786484383288092,0.8340750764196216,chronological_blocked
time_stratum_random_uniform,VitalDB,DBP_train_median_deviation_0-10,1017,35073,7.190933129473234,3.773629492389592,5.482281310931413,1.8257450311670251,2.4583271187603,1.1931629435737512,chronological_blocked
time_stratum_random_uniform,Overall,DBP_train_median_deviation_10-20,776,9172,14.930737832597664,9.391846593553607,12.161292213075637,5.597664146977612,6.957696925075688,4.237631368879535,chronological_blocked
time_stratum_random_uniform,MIMIC,DBP_train_median_deviation_10-20,300,3641,15.589153477603269,9.654095549148447,12.621624513375858,5.166611161630273,6.562696839942356,3.77052548331819,chronological_blocked
time_stratum_random_uniform,VitalDB,DBP_train_median_deviation_10-20,476,5531,14.51576998910674,9.22656363834678,11.87116681372676,5.869336196566273,7.206646558563087,4.53202583456946,chronological_blocked
time_stratum_random_uniform,Overall,DBP_train_median_deviation_>20,186,1796,24.114139442889275,20.2154720565506,22.16480574971994,9.355650514677116,11.59716226918456,7.114138760169668,chronological_blocked
time_stratum_random_uniform,MIMIC,DBP_train_median_deviation_>20,78,800,22.221539077908467,20.051902240989545,21.136720659449004,8.109479697032977,10.075964818483415,6.142994575582543,chronological_blocked
time_stratum_random_uniform,VitalDB,DBP_train_median_deviation_>20,108,996,25.481017484264317,20.33360581223357,22.907311648248943,10.255662771864545,12.69580487246873,7.815520671260364,chronological_blocked
gap60__fixed_blend,Overall,SBP_train_median_deviation_0-10,1862,52043,4.323987368671539,2.507125014692836,3.415556191682188,0.1104141825546478,0.149202768104022,0.0716255970052732,chronological_blocked
gap60__fixed_blend,MIMIC,SBP_train_median_deviation_0-10,918,27267,3.8736409446144666,2.2650519228242203,3.0693464337193435,0.0531683434778345,0.072466964711201,0.0338697222444679,chronological_blocked
gap60__fixed_blend,VitalDB,SBP_train_median_deviation_0-10,944,24776,4.761930183591447,2.742530839200664,3.752230511396056,0.1660833353857018,0.2238250853864487,0.1083415853849549,chronological_blocked
gap60__fixed_blend,Overall,SBP_train_median_deviation_10-20,1500,19744,6.35909511113112,3.3222314814221856,4.840663296276653,0.2072602947125164,0.2686127075394351,0.1459078818855963,chronological_blocked
gap60__fixed_blend,MIMIC,SBP_train_median_deviation_10-20,693,8544,6.496781536171204,3.284928992958458,4.890855264564831,0.1654179810783178,0.1990072400818991,0.1318287220747374,chronological_blocked
gap60__fixed_blend,VitalDB,SBP_train_median_deviation_10-20,807,11200,6.240858813048371,3.3542644733743088,4.79756164321134,0.2431917982422549,0.3283854323821522,0.1579981641023571,chronological_blocked
gap60__fixed_blend,Overall,SBP_train_median_deviation_>20,741,10253,10.240423793964045,5.44356239166173,7.841993092812887,0.2728936842539236,0.4174551185704569,0.1283322499373893,chronological_blocked
gap60__fixed_blend,MIMIC,SBP_train_median_deviation_>20,329,4629,11.10435089385004,5.309756483190021,8.20705368852003,0.211311282863047,0.3458362624104367,0.076786303315659,chronological_blocked
gap60__fixed_blend,VitalDB,SBP_train_median_deviation_>20,412,5624,9.550540260317216,5.550412255465594,7.550476257891404,0.3220699222578016,0.4746459041933857,0.1694939403222184,chronological_blocked
gap60__fixed_blend,Overall,DBP_train_median_deviation_0-10,1999,71072,4.685148332588668,2.444513782149801,3.5648310573692346,0.1251686397842095,0.1686310682875955,0.0817062112808235,chronological_blocked
gap60__fixed_blend,MIMIC,DBP_train_median_deviation_0-10,982,35999,4.359210495940272,2.1864462746340174,3.272828385287145,0.057769550020259,0.0664837154486353,0.0490553845918819,chronological_blocked
gap60__fixed_blend,VitalDB,DBP_train_median_deviation_0-10,1017,35073,4.999869036215732,2.693699910350883,3.846784473283308,0.1902481935189204,0.2672630255027979,0.1132333615350429,chronological_blocked
gap60__fixed_blend,Overall,DBP_train_median_deviation_10-20,776,9172,8.304492062490583,5.3152715883189074,6.809881825404745,0.2462537593067209,0.3314511549686072,0.1610563636448336,chronological_blocked
gap60__fixed_blend,MIMIC,DBP_train_median_deviation_10-20,300,3641,9.258165110166876,5.955851386224907,7.607008248195891,0.1519948964503061,0.2317084725059626,0.0722813203946497,chronological_blocked
gap60__fixed_blend,VitalDB,DBP_train_median_deviation_10-20,476,5531,7.7034376206777955,4.911544824932774,6.307491222805284,0.3056606056447979,0.3943141901341418,0.2170070211554549,chronological_blocked
gap60__fixed_blend,Overall,DBP_train_median_deviation_>20,186,1796,12.439010125383565,13.022173152999072,12.730591639191315,-0.0785635958515058,-0.0779670483211525,-0.0791601433818574,chronological_blocked
gap60__fixed_blend,MIMIC,DBP_train_median_deviation_>20,78,800,11.78944657334777,13.55695002448208,12.673198298914926,-0.3540426635011009,-0.3561276860772828,-0.3519576409249207,chronological_blocked
gap60__fixed_blend,VitalDB,DBP_train_median_deviation_>20,108,996,12.908139357409416,12.635945412483569,12.772042384946491,0.1203935085620937,0.1229267456138316,0.1178602715103576,chronological_blocked
gap60__trained_blend,Overall,SBP_train_median_deviation_0-10,1862,52043,4.180260685701464,2.4366437588255887,3.308452222263526,0.0033102131359865,0.0054760851339468,0.0011443411380258,chronological_blocked
gap60__trained_blend,MIMIC,SBP_train_median_deviation_0-10,918,27267,3.8244966786702297,2.2343904886294004,3.0294435836498157,0.0132654934083062,0.0233226987669641,0.003208288049648,chronological_blocked
gap60__trained_blend,VitalDB,SBP_train_median_deviation_0-10,944,24776,4.526226107793279,2.633326494037559,3.5797763009154187,-0.0063708750949351,-0.01187899041172,-0.0008627597781498,chronological_blocked
gap60__trained_blend,Overall,SBP_train_median_deviation_10-20,1500,19744,5.964632185809819,3.153966711789486,4.559299448799653,-0.074103552764484,-0.1258502177818661,-0.0223568877471032,chronological_blocked
gap60__trained_blend,MIMIC,SBP_train_median_deviation_10-20,693,8544,6.128434368807419,3.156347956221252,4.642391162514335,-0.0830461209721775,-0.1693399272818858,0.0032476853375311,chronological_blocked
gap60__trained_blend,VitalDB,SBP_train_median_deviation_10-20,807,11200,5.823969344648312,3.1519218513294933,4.487945597988903,-0.0664242469801825,-0.0885040360179072,-0.0443444579424583,chronological_blocked
gap60__trained_blend,Overall,SBP_train_median_deviation_>20,741,10253,9.694921803139346,5.266232903411166,7.480577353275256,-0.0885220552837067,-0.1280468722542398,-0.0489972383131744,chronological_blocked
gap60__trained_blend,MIMIC,SBP_train_median_deviation_>20,329,4629,10.545815671500891,5.181718718900878,7.863767195200885,-0.1319752104560985,-0.212698959938713,-0.0512514609734831,chronological_blocked
gap60__trained_blend,VitalDB,SBP_train_median_deviation_>20,412,5624,9.01544587427782,5.333721172109916,7.174583523193869,-0.0538228124397335,-0.0604484818460075,-0.0471971430334594,chronological_blocked
gap60__trained_blend,Overall,DBP_train_median_deviation_0-10,1999,71072,4.476284560686123,2.354842894547602,3.4155637276168624,-0.0240986899681625,-0.040232703614949,-0.007964676321376,chronological_blocked
gap60__trained_blend,MIMIC,DBP_train_median_deviation_0-10,982,35999,4.232022220010739,2.141892225361845,3.186957222686292,-0.0281016125805937,-0.0607045604808975,0.0045013353197096,chronological_blocked
gap60__trained_blend,VitalDB,DBP_train_median_deviation_0-10,1017,35073,4.7121406261170256,2.5604648779698365,3.636302752043431,-0.0202335277209564,-0.0204653845959086,-0.0200016708460037,chronological_blocked
gap60__trained_blend,Overall,DBP_train_median_deviation_10-20,776,9172,7.884171335930194,5.061658767316793,6.4729150516234935,-0.0907130144745309,-0.0888695715917817,-0.092556457357281,chronological_blocked
gap60__trained_blend,MIMIC,DBP_train_median_deviation_10-20,300,3641,8.907203539882968,5.758492003631192,7.33284777175708,-0.122165579988505,-0.1192530977779444,-0.1250780621990657,chronological_blocked
gap60__trained_blend,VitalDB,DBP_train_median_deviation_10-20,476,5531,7.23940314016164,4.622478156194272,5.930940648177955,-0.0708899689825308,-0.0697202903820137,-0.072059647583047,chronological_blocked
gap60__trained_blend,Overall,DBP_train_median_deviation_>20,186,1796,12.335202405498665,12.864203849120544,12.599703127309605,-0.2094521077332203,-0.1817747682060524,-0.2371294472603882,chronological_blocked
gap60__trained_blend,MIMIC,DBP_train_median_deviation_>20,78,800,11.942883624858414,13.40091817342089,12.671900899139652,-0.3553400632763743,-0.2026906345666379,-0.5079894919861108,chronological_blocked
gap60__trained_blend,VitalDB,DBP_train_median_deviation_>20,108,996,12.618543747072176,12.476576837125846,12.54756029209901,-0.1040885842853871,-0.1666688647234071,-0.0415083038473653,chronological_blocked
gap60__D0_frozen_lora,Overall,SBP_train_median_deviation_0-10,1862,52043,4.174784600567517,2.435499417687563,3.30514200912754,0.0,0.0,0.0,chronological_blocked
gap60__D0_frozen_lora,MIMIC,SBP_train_median_deviation_0-10,918,27267,3.8011739799032656,2.2311822005797524,3.016178090241509,0.0,0.0,0.0,chronological_blocked
gap60__D0_frozen_lora,VitalDB,SBP_train_median_deviation_0-10,944,24776,4.538105098204999,2.634189253815709,3.586147176010354,0.0,0.0,0.0,chronological_blocked
gap60__D0_frozen_lora,Overall,SBP_train_median_deviation_10-20,1500,19744,6.090482403591685,3.1763235994488945,4.63340300152029,-4.3846704045336076e-11,0.0,-8.76947403583017e-11,chronological_blocked
gap60__D0_frozen_lora,MIMIC,SBP_train_median_deviation_10-20,693,8544,6.297774296089305,3.1531002706939057,4.725437283391605,-9.490808139389627e-11,0.0,-1.89814830520163e-10,chronological_blocked
gap60__D0_frozen_lora,VitalDB,SBP_train_median_deviation_10-20,807,11200,5.912473380666219,3.196266309271952,4.554369844969085,0.0,0.0,0.0,chronological_blocked
gap60__D0_frozen_lora,Overall,SBP_train_median_deviation_>20,741,10253,9.822968675393586,5.315230131428262,7.569099403410924,-5.148039328162213e-09,0.0,-1.0296078656324426e-08,chronological_blocked
gap60__D0_frozen_lora,MIMIC,SBP_train_median_deviation_>20,329,4629,10.758514631439605,5.2329701798743615,7.995742405656983,0.0,0.0,0.0,chronological_blocked
gap60__D0_frozen_lora,VitalDB,SBP_train_median_deviation_>20,412,5624,9.075894356123827,5.380918296625428,7.228406326374628,-9.258974031922662e-09,0.0,-1.8517948063845324e-08,chronological_blocked
gap60__D0_frozen_lora,Overall,DBP_train_median_deviation_0-10,1999,71072,4.516517264301072,2.36280757082127,3.4396624175611707,-2.3854251907096117e-11,0.0,-4.770805972498238e-11,chronological_blocked
gap60__D0_frozen_lora,MIMIC,DBP_train_median_deviation_0-10,982,35999,4.292726780491637,2.13739088994502,3.215058835218328,-4.8557602383425547e-11,0.0,-9.711520476685108e-11,chronological_blocked
gap60__D0_frozen_lora,VitalDB,DBP_train_median_deviation_0-10,1017,35073,4.732606010712934,2.5804665488158403,3.656536279764387,0.0,0.0,0.0,chronological_blocked
gap60__D0_frozen_lora,Overall,DBP_train_median_deviation_10-20,776,9172,7.973040907521976,5.154215224674074,6.563628066098024,0.0,0.0,0.0,chronological_blocked
gap60__D0_frozen_lora,MIMIC,DBP_train_median_deviation_10-20,300,3641,9.026456637660912,5.883570065830257,7.455013351745585,0.0,0.0,0.0,chronological_blocked
gap60__D0_frozen_lora,VitalDB,DBP_train_median_deviation_10-20,476,5531,7.309123430543654,4.694537803777319,6.001830617160486,0.0,0.0,0.0,chronological_blocked
gap60__D0_frozen_lora,Overall,DBP_train_median_deviation_>20,186,1796,12.516977173704715,13.10133325536268,12.809155214533698,-2.0509125064904765e-08,0.0,-4.101825012980953e-08,chronological_blocked
gap60__D0_frozen_lora,MIMIC,DBP_train_median_deviation_>20,78,800,12.145574259425052,13.908907665407002,13.027240962416029,0.0,0.0,0.0,chronological_blocked
gap60__D0_frozen_lora,VitalDB,DBP_train_median_deviation_>20,108,996,12.785212611795584,12.518085070330669,12.651648841063126,-3.5321271241173235e-08,0.0,-7.064254248234647e-08,chronological_blocked
gap60__feature_knn,Overall,SBP_train_median_deviation_0-10,1862,52043,4.564400804178522,2.632204421363846,3.598302612771184,0.2931606036436438,0.3896162036110047,0.1967050036762829,chronological_blocked
gap60__feature_knn,MIMIC,SBP_train_median_deviation_0-10,918,27267,4.00085961336397,2.335107234204671,3.16798342378432,0.1518053335428111,0.199685633460704,0.1039250336249186,chronological_blocked
gap60__feature_knn,VitalDB,SBP_train_median_deviation_0-10,944,24776,5.112420733381656,2.92111884701228,4.016769790196968,0.4306226141866136,0.5743156351766574,0.2869295931965707,chronological_blocked
gap60__feature_knn,Overall,SBP_train_median_deviation_10-20,1500,19744,6.647214358817303,3.507007513902783,5.077110936360043,0.4437079347959063,0.5567319552256178,0.3306839143661939,chronological_blocked
gap60__feature_knn,MIMIC,SBP_train_median_deviation_10-20,693,8544,6.678543738032512,3.421361427176148,5.04995258260433,0.3245152991178175,0.3807694419432073,0.2682611562924273,chronological_blocked
gap60__feature_knn,VitalDB,SBP_train_median_deviation_10-20,807,11200,6.620310691164092,3.580554896928258,5.100432794046175,0.5460629490770899,0.7078373104978732,0.3842885876563064,chronological_blocked
gap60__feature_knn,Overall,SBP_train_median_deviation_>20,741,10253,10.534682270690077,5.617997095407569,8.076339683048822,0.5072402744898588,0.711713595296489,0.3027669536832285,chronological_blocked
gap60__feature_knn,MIMIC,SBP_train_median_deviation_>20,329,4629,11.32589864992592,5.464771560436351,8.395335105181136,0.3995926995241525,0.5673840184863153,0.2318013805619889,chronological_blocked
gap60__feature_knn,VitalDB,SBP_train_median_deviation_>20,412,5624,9.902861424164364,5.740354379401576,7.82160790178297,0.5932015661493679,0.8269670680405348,0.3594360642582002,chronological_blocked
gap60__feature_knn,Overall,DBP_train_median_deviation_0-10,1999,71072,4.906581282145158,2.5786279547854525,3.742604618465305,0.3029422008802802,0.3900640178440859,0.2158203839164745,chronological_blocked
gap60__feature_knn,MIMIC,DBP_train_median_deviation_0-10,982,35999,4.476768173781142,2.2651090856509564,3.3709386297160493,0.1558797944491634,0.1840413932895055,0.1277181956088209,chronological_blocked
gap60__feature_knn,VitalDB,DBP_train_median_deviation_0-10,1017,35073,5.321602395629388,2.8813570889939824,4.101479742311685,0.4449434625472981,0.5889963849164541,0.3008905401781421,chronological_blocked
gap60__feature_knn,Overall,DBP_train_median_deviation_10-20,776,9172,8.627482388619796,5.495548339728322,7.06151536417406,0.4978872980760354,0.6544414810978205,0.3413331150542484,chronological_blocked
gap60__feature_knn,MIMIC,DBP_train_median_deviation_10-20,300,3641,9.538518209066108,6.141243057807751,7.8398806334369295,0.3848672816913447,0.5120615714051961,0.2576729919774934,chronological_blocked
gap60__feature_knn,VitalDB,DBP_train_median_deviation_10-20,476,5531,8.053300148842709,5.0885978871572535,6.570949017999981,0.5691184008394945,0.7441767182990553,0.3940600833799346,chronological_blocked
gap60__feature_knn,Overall,DBP_train_median_deviation_>20,186,1796,12.779397574072714,13.051164387658114,12.915280980865417,0.1061257458225917,0.2624204003679988,-0.0501689087228172,chronological_blocked
gap60__feature_knn,MIMIC,DBP_train_median_deviation_>20,78,800,12.135196656190518,13.599106350392736,12.867151503291629,-0.1600894591243999,-0.0103776032345344,-0.3098013150142655,chronological_blocked
gap60__feature_knn,VitalDB,DBP_train_median_deviation_>20,108,996,13.244653792543184,12.655428525683112,12.950041159113148,0.2983922827287504,0.4594411807476,0.1373433847099008,chronological_blocked
gap60__nearest_record_time_bp,Overall,SBP_train_median_deviation_0-10,1862,52043,6.657683711844969,3.575684631975158,5.116684171910063,1.8115421627825232,2.482899111277452,1.140185214287595,chronological_blocked
gap60__nearest_record_time_bp,MIMIC,SBP_train_median_deviation_0-10,918,27267,5.66469198375553,2.919674884121694,4.292183433938612,1.2760053436971028,1.8635180038522643,0.6884926835419418,chronological_blocked
gap60__nearest_record_time_bp,VitalDB,SBP_train_median_deviation_0-10,944,24776,7.6233260914912675,4.213626314739438,5.918476203115352,2.3323290271049983,3.085220993286269,1.5794370609237287,chronological_blocked
gap60__nearest_record_time_bp,Overall,SBP_train_median_deviation_10-20,1500,19744,9.49465954076174,4.773122830573341,7.13389118566754,2.5004881841034035,3.4041771371700547,1.5967992310367514,chronological_blocked
gap60__nearest_record_time_bp,MIMIC,SBP_train_median_deviation_10-20,693,8544,9.078917348391885,4.233130320924891,6.656023834658387,1.9305865511718745,2.7811430523025784,1.0800300500411706,chronological_blocked
gap60__nearest_record_time_bp,VitalDB,SBP_train_median_deviation_10-20,807,11200,9.85167235279682,5.236833870457325,7.544253111627072,2.989883266657987,3.939198972130601,2.040567561185373,chronological_blocked
gap60__nearest_record_time_bp,Overall,SBP_train_median_deviation_>20,741,10253,15.64051045555718,7.877654243622646,11.759082349589912,4.189982941030949,5.817541780163593,2.562424101898306,chronological_blocked
gap60__nearest_record_time_bp,MIMIC,SBP_train_median_deviation_>20,329,4629,14.723772628969757,6.602735675132633,10.663254152051197,2.6675117463942115,3.965257997530152,1.3697654952582718,chronological_blocked
gap60__nearest_record_time_bp,VitalDB,SBP_train_median_deviation_>20,412,5624,16.372565661739852,8.895732420887729,12.63414904131379,5.405742705680188,7.296671305616023,3.514814105744353,chronological_blocked
gap60__nearest_record_time_bp,Overall,DBP_train_median_deviation_0-10,1999,71072,6.7896428634426655,3.506666369675235,5.148154616558951,1.7084921989739257,2.273125599141593,1.143858798806257,chronological_blocked
gap60__nearest_record_time_bp,MIMIC,DBP_train_median_deviation_0-10,982,35999,5.881342159840877,2.871224492881168,4.376283326361023,1.1612244910941367,1.58861537934924,0.7338336028390322,chronological_blocked
gap60__nearest_record_time_bp,VitalDB,DBP_train_median_deviation_0-10,1017,35073,7.666684447451474,4.120239548644531,5.893461998048003,2.2369257182836155,2.93407843673854,1.539772999828691,chronological_blocked
gap60__nearest_record_time_bp,Overall,DBP_train_median_deviation_10-20,776,9172,13.328208760710671,8.122166146148674,10.725187453429673,4.161559387331648,5.355167853188697,2.9679509214746,chronological_blocked
gap60__nearest_record_time_bp,MIMIC,DBP_train_median_deviation_10-20,300,3641,12.85800462577247,7.769496344999523,10.313750485385995,2.858737133640412,3.8315479881115575,1.885926279169266,chronological_blocked
gap60__nearest_record_time_bp,VitalDB,DBP_train_median_deviation_10-20,476,5531,13.624555904579283,8.344437029225869,10.984496466902575,4.982665849742091,6.315432474035632,3.64989922544855,chronological_blocked
gap60__nearest_record_time_bp,Overall,DBP_train_median_deviation_>20,186,1796,19.943043836978504,16.55931940554318,18.25118162126084,5.442026386218018,7.426066663273788,3.457986109162251,chronological_blocked
gap60__nearest_record_time_bp,MIMIC,DBP_train_median_deviation_>20,78,800,16.264201096763017,15.003477755499034,15.633839426131026,2.606598463714999,4.118626837337965,1.0945700900920323,chronological_blocked
gap60__nearest_record_time_bp,VitalDB,DBP_train_median_deviation_>20,108,996,22.59998581602301,17.682982819463955,20.141484317743483,7.489835441359085,9.81477320422743,5.164897678490744,chronological_blocked
gap60__time_matched_feature_uniform,Overall,SBP_train_median_deviation_0-10,1862,52043,4.578964703230482,2.641750531785512,3.610357617507997,0.3052156083804571,0.4041801026629645,0.2062511140979492,chronological_blocked
gap60__time_matched_feature_uniform,MIMIC,SBP_train_median_deviation_0-10,918,27267,4.009931211798277,2.346185559487777,3.178058385643027,0.1618802954015179,0.208757231895011,0.1150033589080248,chronological_blocked
gap60__time_matched_feature_uniform,VitalDB,SBP_train_median_deviation_0-10,944,24776,5.132325662059683,2.929174943405555,4.030750302732619,0.444603126722265,0.5942205638546847,0.2949856895898461,chronological_blocked
gap60__time_matched_feature_uniform,Overall,SBP_train_median_deviation_10-20,1500,19744,6.681429456679288,3.5259068150578616,5.103668135868575,0.4702651343044381,0.5909470530876026,0.3495832155212723,chronological_blocked
gap60__time_matched_feature_uniform,MIMIC,SBP_train_median_deviation_10-20,693,8544,6.725334241330658,3.4492777364390483,5.087305988884853,0.36186870539834,0.4275599452413532,0.2961774655553277,chronological_blocked
gap60__time_matched_feature_uniform,VitalDB,SBP_train_median_deviation_10-20,807,11200,6.64372683491547,3.5917109680725314,5.117718901494001,0.563349056524916,0.7312534542492513,0.3954446588005798,chronological_blocked
gap60__time_matched_feature_uniform,Overall,SBP_train_median_deviation_>20,741,10253,10.627907459439657,5.6598146262044935,8.143861042822074,0.574761634263111,0.8049387840460707,0.3445844844801531,chronological_blocked
gap60__time_matched_feature_uniform,MIMIC,SBP_train_median_deviation_>20,329,4629,11.482192802985864,5.527899378319357,8.50504609065261,0.5093036849956274,0.7236781715462595,0.2949291984449953,chronological_blocked
gap60__time_matched_feature_uniform,VitalDB,SBP_train_median_deviation_>20,412,5624,9.945723289471928,5.765154714928302,7.855439002200115,0.6270326665665129,0.8698289333480993,0.3842363997849265,chronological_blocked
gap60__time_matched_feature_uniform,Overall,DBP_train_median_deviation_0-10,1999,71072,4.926802488192664,2.588423834983517,3.7576131615880906,0.3179507440030655,0.4102852238915924,0.2256162641145391,chronological_blocked
gap60__time_matched_feature_uniform,MIMIC,DBP_train_median_deviation_0-10,982,35999,4.499014401868551,2.278023970278823,3.3885191860736867,0.1734603508068009,0.206287621376914,0.1406330802366877,chronological_blocked
gap60__time_matched_feature_uniform,VitalDB,DBP_train_median_deviation_0-10,1017,35073,5.339868270660984,2.888141305131019,4.114004787896001,0.4574685081316141,0.6072622599480493,0.3076747563151789,chronological_blocked
gap60__time_matched_feature_uniform,Overall,DBP_train_median_deviation_10-20,776,9172,8.702206111341482,5.538077280450794,7.120141695896137,0.556513629798113,0.7291652038195062,0.3838620557767198,chronological_blocked
gap60__time_matched_feature_uniform,MIMIC,DBP_train_median_deviation_10-20,300,3641,9.672513117117914,6.221112186401756,7.946812651759835,0.4917993000142502,0.6460564794570018,0.3375421205714985,chronological_blocked
gap60__time_matched_feature_uniform,VitalDB,DBP_train_median_deviation_10-20,476,5531,8.090668082490788,5.107593096027919,6.599130589259354,0.5972999720988676,0.7815446519471347,0.4130552922506005,chronological_blocked
gap60__time_matched_feature_uniform,Overall,DBP_train_median_deviation_>20,186,1796,12.965949204092944,13.13464026316002,13.050294733626483,0.2411394985836601,0.4489720303882301,0.0333069667790884,chronological_blocked
gap60__time_matched_feature_uniform,MIMIC,DBP_train_median_deviation_>20,78,800,12.250332405975636,13.629850950189866,12.940091678082752,-0.0871492843332752,0.1047581465505853,-0.2790567152171359,chronological_blocked
gap60__time_matched_feature_uniform,VitalDB,DBP_train_median_deviation_>20,108,996,13.482783558288777,12.77698810030513,13.129885829296953,0.4782369529125549,0.6975709464931903,0.2589029593319196,chronological_blocked
gap60__time_stratum_random_uniform,Overall,SBP_train_median_deviation_0-10,1862,52043,5.404261544840712,3.296914915359059,4.350588230099886,1.045446220972346,1.2294769442731948,0.861415497671496,chronological_blocked
gap60__time_stratum_random_uniform,MIMIC,SBP_train_median_deviation_0-10,918,27267,4.835296784809726,2.98308577146082,3.909191278135273,0.8930131878937639,1.0341228049064606,0.7519035708810673,chronological_blocked
gap60__time_stratum_random_uniform,VitalDB,SBP_train_median_deviation_0-10,944,24776,5.957555665294572,3.602100459955016,4.7798280626247935,1.1936808866144395,1.419450567089573,0.9679112061393068,chronological_blocked
gap60__time_stratum_random_uniform,Overall,SBP_train_median_deviation_10-20,1500,19744,10.312596513554706,5.189135889648541,7.750866201601623,3.117463200037486,4.22211410996302,2.012812290111952,chronological_blocked
gap60__time_stratum_random_uniform,MIMIC,SBP_train_median_deviation_10-20,693,8544,10.365847045870456,4.876151614331912,7.620999330101183,2.8955620466146703,4.06807274978115,1.723051343448191,chronological_blocked
gap60__time_stratum_random_uniform,VitalDB,SBP_train_median_deviation_10-20,807,11200,10.26686836126869,5.457906772913008,7.862387567090849,3.308017722121764,4.354394980602471,2.261640463641056,chronological_blocked
gap60__time_stratum_random_uniform,Overall,SBP_train_median_deviation_>20,741,10253,18.69275776043238,9.105304946719,13.89903135357569,6.329931945016727,8.869789085038793,3.79007480499466,chronological_blocked
gap60__time_stratum_random_uniform,MIMIC,SBP_train_median_deviation_>20,329,4629,18.91508192880763,8.160913405445237,13.537997667126431,5.54225526146945,8.156567297368026,2.927943225570876,chronological_blocked
gap60__time_stratum_random_uniform,VitalDB,SBP_train_median_deviation_>20,412,5624,18.51522219879292,9.859442852250716,14.187332525521818,6.958926189888215,9.43932784266909,4.47852453710734,chronological_blocked
gap60__time_stratum_random_uniform,Overall,DBP_train_median_deviation_0-10,1999,71072,6.790528734122735,3.4070917532307643,5.09881024367675,1.6591478260917252,2.274011469821663,1.0442841823617863,chronological_blocked
gap60__time_stratum_random_uniform,MIMIC,DBP_train_median_deviation_0-10,982,35999,6.302088994113057,2.987245951286366,4.644667472699712,1.4296086374328256,2.0093622136214204,0.8498550612442304,chronological_blocked
gap60__time_stratum_random_uniform,VitalDB,DBP_train_median_deviation_0-10,1017,35073,7.262158846895109,3.812488584606771,5.53732371575094,1.8807874359865528,2.529552836182175,1.2320220357909308,chronological_blocked
gap60__time_stratum_random_uniform,Overall,DBP_train_median_deviation_10-20,776,9172,14.99301376945886,9.453814309255351,12.223414039357106,5.659785973259082,7.019972861936883,4.299599084581278,chronological_blocked
gap60__time_stratum_random_uniform,MIMIC,DBP_train_median_deviation_10-20,300,3641,15.534346644466083,9.651746540795484,12.593046592630785,5.1380332408852,6.507890006805171,3.7681764749652262,chronological_blocked
gap60__time_stratum_random_uniform,VitalDB,DBP_train_median_deviation_10-20,476,5531,14.651837587731617,9.329067104503167,11.99045234611739,5.988621728956904,7.342714157187961,4.634529300725848,chronological_blocked
gap60__time_stratum_random_uniform,Overall,DBP_train_median_deviation_>20,186,1796,24.25279474134568,20.36347761244473,22.308136176895204,9.49898094185238,11.735817567640966,7.262144316063795,chronological_blocked
gap60__time_stratum_random_uniform,MIMIC,DBP_train_median_deviation_>20,78,800,22.13170624290498,20.013320535272207,21.07251338908859,8.045272426672565,9.986131983479927,6.104412869865206,chronological_blocked
gap60__time_stratum_random_uniform,VitalDB,DBP_train_median_deviation_>20,108,996,25.784691990219525,20.6163688348471,23.20053041253331,10.548881536148912,12.99947937842394,8.09828369387389,chronological_blocked
gap300__fixed_blend,Overall,SBP_train_median_deviation_0-10,1862,52043,4.4789852102401655,2.6024399869665564,3.5407125986033607,0.2355705894758206,0.3042006096726481,0.1669405692789936,chronological_blocked
gap300__fixed_blend,MIMIC,SBP_train_median_deviation_0-10,918,27267,3.998496086031327,2.3545151051601843,3.1765055955957555,0.1603275053542465,0.1973221061280612,0.1233329045804318,chronological_blocked
gap300__fixed_blend,VitalDB,SBP_train_median_deviation_0-10,944,24776,4.946240523824607,2.8435364292316523,3.8948884765281298,0.3087413005177759,0.4081354256196086,0.2093471754159432,chronological_blocked
gap300__fixed_blend,Overall,SBP_train_median_deviation_10-20,1500,19744,6.61088573753993,3.429409505754307,5.020147621647118,0.3867446200829816,0.520403333948245,0.2530859062177177,chronological_blocked
gap300__fixed_blend,MIMIC,SBP_train_median_deviation_10-20,693,8544,6.6655369735080034,3.360631088778344,5.0130840311431735,0.2876467476566606,0.3677626774186988,0.2075308178946233,chronological_blocked
gap300__fixed_blend,VitalDB,SBP_train_median_deviation_10-20,807,11200,6.563954750519018,3.4884720125254884,5.026213381522253,0.4718435365531679,0.6514813698527995,0.2922057032535368,chronological_blocked
gap300__fixed_blend,Overall,SBP_train_median_deviation_>20,741,10253,10.594589650881906,5.591788170406284,8.093188910644095,0.5240895020851317,0.7716209754883199,0.2765580286819435,chronological_blocked
gap300__fixed_blend,MIMIC,SBP_train_median_deviation_>20,329,4629,11.4973860509242,5.443052457582234,8.470219254253218,0.4744768485962343,0.738871419484596,0.2100822777078725,chronological_blocked
gap300__fixed_blend,VitalDB,SBP_train_median_deviation_>20,412,5624,9.873667282886965,5.710560135258498,7.792113709072732,0.5637073734391294,0.7977729267631357,0.3296418201151221,chronological_blocked
gap300__fixed_blend,Overall,DBP_train_median_deviation_0-10,1999,71072,4.892806557554038,2.5596661734828507,3.726236365518444,0.286573947933419,0.3762892932529658,0.1968586026138727,chronological_blocked
gap300__fixed_blend,MIMIC,DBP_train_median_deviation_0-10,982,35999,4.531397202394125,2.2829621534434508,3.407179677918788,0.1921208426519021,0.238670421902488,0.1455712634013153,chronological_blocked
gap300__fixed_blend,VitalDB,DBP_train_median_deviation_0-10,1017,35073,5.241778029301366,2.826847439636924,4.034312734469145,0.3777764547047577,0.5091720185884316,0.2463808908210834,chronological_blocked
gap300__fixed_blend,Overall,DBP_train_median_deviation_10-20,776,9172,8.611312172988333,5.458743690295031,7.035027931641682,0.471399865543658,0.6382712654663569,0.3045284656209572,chronological_blocked
gap300__fixed_blend,MIMIC,DBP_train_median_deviation_10-20,300,3641,9.644331418595472,6.0937581824528895,7.869044800524181,0.4140314487785961,0.6178747809345602,0.210188116622632,chronological_blocked
gap300__fixed_blend,VitalDB,DBP_train_median_deviation_10-20,476,5531,7.960249623235935,5.0585244725484815,6.509387047892208,0.5075564307317215,0.6511261926922813,0.3639866687711626,chronological_blocked
gap300__fixed_blend,Overall,DBP_train_median_deviation_>20,186,1796,12.841222026011948,13.303164747025612,13.07219338651878,0.263038151475957,0.3242448523072312,0.201831450644681,chronological_blocked
gap300__fixed_blend,MIMIC,DBP_train_median_deviation_>20,78,800,12.136711297725652,13.759233183625131,12.947972240675393,-0.0792687217406342,-0.0088629616993998,-0.1496744817818687,chronological_blocked
gap300__fixed_blend,VitalDB,DBP_train_median_deviation_>20,108,996,13.35003532977427,12.973781987259294,13.161908658516785,0.5102597821323851,0.5648227179786858,0.4556968462860826,chronological_blocked
gap300__trained_blend,Overall,SBP_train_median_deviation_0-10,1862,52043,4.285151339249556,2.504568070850623,3.3948597050500893,0.0897176959225491,0.1103667386820381,0.0690686531630602,chronological_blocked
gap300__trained_blend,MIMIC,SBP_train_median_deviation_0-10,918,27267,3.926399756773928,2.3040098950891355,3.1152048259315315,0.0990267356900225,0.1252257768706624,0.072827694509383,chronological_blocked
gap300__trained_blend,VitalDB,SBP_train_median_deviation_0-10,944,24776,4.634022051868863,2.6996023985508844,3.6668122252098736,0.0806650491995197,0.0959169536638642,0.0654131447351753,chronological_blocked
gap300__trained_blend,Overall,SBP_train_median_deviation_10-20,1500,19744,6.106989837238291,3.2186729817871087,4.6628314095127,0.0294284079485631,0.0165074336466055,0.0423493822505194,chronological_blocked
gap300__trained_blend,MIMIC,SBP_train_median_deviation_10-20,693,8544,6.236917924215794,3.206956201178325,4.72193706269706,-0.0035002207894532,-0.0608563718735108,0.0538559302946048,chronological_blocked
gap300__trained_blend,VitalDB,SBP_train_median_deviation_10-20,807,11200,5.995415903811515,3.228734603796882,4.612075253804198,0.0577054088351127,0.082942523145296,0.0324682945249303,chronological_blocked
gap300__trained_blend,Overall,SBP_train_median_deviation_>20,741,10253,9.87737341187909,5.362652408553865,7.620012910216477,0.0509135016575141,0.0544047364855035,0.0474222668295247,chronological_blocked
gap300__trained_blend,MIMIC,SBP_train_median_deviation_>20,329,4629,10.747395611633523,5.273918716502944,8.010657164068235,0.0149147584112512,-0.011119019806081,0.0409485366285826,chronological_blocked
gap300__trained_blend,VitalDB,SBP_train_median_deviation_>20,412,5624,9.182622674696546,5.4335101383712265,7.308066406533886,0.0796600709002834,0.106728318572717,0.0525918232278508,chronological_blocked
gap300__trained_blend,Overall,DBP_train_median_deviation_0-10,1999,71072,4.605889206131655,2.4341172898929035,3.520003248012279,0.0803408304272541,0.0893719418305831,0.0713097190239255,chronological_blocked
gap300__trained_blend,MIMIC,DBP_train_median_deviation_0-10,982,35999,4.355923928586055,2.2163218800352107,3.286122904310633,0.0710640690437469,0.0631971480944182,0.0789309899930752,chronological_blocked
gap300__trained_blend,VitalDB,DBP_train_median_deviation_0-10,1017,35073,4.847251942168804,2.6444172824988565,3.74583461233383,0.0892983325694429,0.1146459314558701,0.0639507336830162,chronological_blocked
gap300__trained_blend,Overall,DBP_train_median_deviation_10-20,776,9172,8.02776390415888,5.157316068921133,6.592539986540006,0.0289119204419812,0.0547229966369036,0.0031008442470588,chronological_blocked
gap300__trained_blend,MIMIC,DBP_train_median_deviation_10-20,300,3641,9.09338355715794,5.853991658621408,7.473687607889675,0.0186742561440897,0.0669269194970283,-0.0295784072088496,chronological_blocked
gap300__trained_blend,VitalDB,DBP_train_median_deviation_10-20,476,5531,7.356154879159472,4.718234814908353,6.037194847033913,0.0353642298734264,0.0470314486158187,0.0236970111310341,chronological_blocked
gap300__trained_blend,Overall,DBP_train_median_deviation_>20,186,1796,12.608406843753196,13.021595589904498,12.815001216828849,0.0058459817860239,0.0914296700484804,-0.0797377064764326,chronological_blocked
gap300__trained_blend,MIMIC,DBP_train_median_deviation_>20,78,800,12.163099678296248,13.558956348317317,12.861028013306782,-0.1662129491092443,0.0175254188711964,-0.3499513170896868,chronological_blocked
gap300__trained_blend,VitalDB,DBP_train_median_deviation_>20,108,996,12.930017574360992,12.633501708828575,12.781759641594784,0.1301107652103859,0.1448049625654075,0.1154165678553642,chronological_blocked
gap300__D0_frozen_lora,Overall,SBP_train_median_deviation_0-10,1862,52043,4.174784600567517,2.435499417687563,3.30514200912754,0.0,0.0,0.0,chronological_blocked
gap300__D0_frozen_lora,MIMIC,SBP_train_median_deviation_0-10,918,27267,3.8011739799032656,2.2311822005797524,3.016178090241509,0.0,0.0,0.0,chronological_blocked
gap300__D0_frozen_lora,VitalDB,SBP_train_median_deviation_0-10,944,24776,4.538105098204999,2.634189253815709,3.586147176010354,0.0,0.0,0.0,chronological_blocked
gap300__D0_frozen_lora,Overall,SBP_train_median_deviation_10-20,1500,19744,6.090482403591685,3.1763235994488945,4.63340300152029,-4.3846704045336076e-11,0.0,-8.76947403583017e-11,chronological_blocked
gap300__D0_frozen_lora,MIMIC,SBP_train_median_deviation_10-20,693,8544,6.297774296089305,3.1531002706939057,4.725437283391605,-9.490808139389627e-11,0.0,-1.89814830520163e-10,chronological_blocked
gap300__D0_frozen_lora,VitalDB,SBP_train_median_deviation_10-20,807,11200,5.912473380666219,3.196266309271952,4.554369844969085,0.0,0.0,0.0,chronological_blocked
gap300__D0_frozen_lora,Overall,SBP_train_median_deviation_>20,741,10253,9.822968675393586,5.315230131428262,7.569099403410924,-5.148039328162213e-09,0.0,-1.0296078656324426e-08,chronological_blocked
gap300__D0_frozen_lora,MIMIC,SBP_train_median_deviation_>20,329,4629,10.758514631439605,5.2329701798743615,7.995742405656983,0.0,0.0,0.0,chronological_blocked
gap300__D0_frozen_lora,VitalDB,SBP_train_median_deviation_>20,412,5624,9.075894356123827,5.380918296625428,7.228406326374628,-9.258974031922662e-09,0.0,-1.8517948063845324e-08,chronological_blocked
gap300__D0_frozen_lora,Overall,DBP_train_median_deviation_0-10,1999,71072,4.516517264301072,2.36280757082127,3.4396624175611707,-2.3854251907096117e-11,0.0,-4.770805972498238e-11,chronological_blocked
gap300__D0_frozen_lora,MIMIC,DBP_train_median_deviation_0-10,982,35999,4.292726780491637,2.13739088994502,3.215058835218328,-4.8557602383425547e-11,0.0,-9.711520476685108e-11,chronological_blocked
gap300__D0_frozen_lora,VitalDB,DBP_train_median_deviation_0-10,1017,35073,4.732606010712934,2.5804665488158403,3.656536279764387,0.0,0.0,0.0,chronological_blocked
gap300__D0_frozen_lora,Overall,DBP_train_median_deviation_10-20,776,9172,7.973040907521976,5.154215224674074,6.563628066098024,0.0,0.0,0.0,chronological_blocked
gap300__D0_frozen_lora,MIMIC,DBP_train_median_deviation_10-20,300,3641,9.026456637660912,5.883570065830257,7.455013351745585,0.0,0.0,0.0,chronological_blocked
gap300__D0_frozen_lora,VitalDB,DBP_train_median_deviation_10-20,476,5531,7.309123430543654,4.694537803777319,6.001830617160486,0.0,0.0,0.0,chronological_blocked
gap300__D0_frozen_lora,Overall,DBP_train_median_deviation_>20,186,1796,12.516977173704715,13.10133325536268,12.809155214533698,-2.0509125064904765e-08,0.0,-4.101825012980953e-08,chronological_blocked
gap300__D0_frozen_lora,MIMIC,DBP_train_median_deviation_>20,78,800,12.145574259425052,13.908907665407002,13.027240962416029,0.0,0.0,0.0,chronological_blocked
gap300__D0_frozen_lora,VitalDB,DBP_train_median_deviation_>20,108,996,12.785212611795584,12.518085070330669,12.651648841063126,-3.5321271241173235e-08,0.0,-7.064254248234647e-08,chronological_blocked
gap300__feature_knn,Overall,SBP_train_median_deviation_0-10,1862,52043,4.799989248254979,2.7877866935715425,3.7938879709132607,0.4887459617857206,0.625204647687462,0.3522872758839797,chronological_blocked
gap300__feature_knn,MIMIC,SBP_train_median_deviation_0-10,918,27267,4.163645076599254,2.4551816819475483,3.3094133792734013,0.2932352890318923,0.3624710966959883,0.2239994813677959,chronological_blocked
gap300__feature_knn,VitalDB,SBP_train_median_deviation_0-10,944,24776,5.418806991454084,3.111230973943181,4.265018982698633,0.6788718066882793,0.8807018932490855,0.4770417201274721,chronological_blocked
gap300__feature_knn,Overall,SBP_train_median_deviation_10-20,1500,19744,7.042862765152832,3.68688175397226,5.364872259562546,0.731469257998409,0.952380361561147,0.5105581544356705,chronological_blocked
gap300__feature_knn,MIMIC,SBP_train_median_deviation_10-20,693,8544,6.918773534767713,3.535930994592848,5.22735226468028,0.5019149811937673,0.620999238678408,0.3828307237091271,chronological_blocked
gap300__feature_knn,VitalDB,SBP_train_median_deviation_10-20,807,11200,7.149422661877601,3.816508614257183,5.482965638067392,0.9285957930983066,1.2369492812113825,0.620242304985231,chronological_blocked
gap300__feature_knn,Overall,SBP_train_median_deviation_>20,741,10253,11.150532325766834,5.884487617496381,8.517509971631608,0.9484105630726444,1.3275636503732482,0.5692574757720408,chronological_blocked
gap300__feature_knn,MIMIC,SBP_train_median_deviation_>20,329,4629,11.932763503461024,5.663928424009924,8.798345963735475,0.8026035580784914,1.1742488720214208,0.4309582441355619,chronological_blocked
gap300__feature_knn,VitalDB,SBP_train_median_deviation_>20,412,5624,10.52588655522948,6.0606137695765865,8.293250162403034,1.0648438267694311,1.449992199105651,0.6796954544332108,chronological_blocked
gap300__feature_knn,Overall,DBP_train_median_deviation_0-10,1999,71072,5.231126404737398,2.7594493888119915,3.995287896774695,0.5556254791896698,0.714609140436326,0.3966418179430135,chronological_blocked
gap300__feature_knn,MIMIC,DBP_train_median_deviation_0-10,982,35999,4.710503220476179,2.3967873567869784,3.5536452886315786,0.3385864533646927,0.417776439984542,0.2593964667448429,chronological_blocked
gap300__feature_knn,VitalDB,DBP_train_median_deviation_0-10,1017,35073,5.733832370267897,3.1096304266178536,4.421731398442875,0.7651951186784882,1.0012263595549626,0.5291638778020133,chronological_blocked
gap300__feature_knn,Overall,DBP_train_median_deviation_10-20,776,9172,9.136963159020086,5.753306410477427,7.445134784748756,0.8815067186507317,1.1639222514981098,0.5990911858033536,chronological_blocked
gap300__feature_knn,MIMIC,DBP_train_median_deviation_10-20,300,3641,10.090545538992137,6.34691627872175,8.218730908856944,0.7637175571113595,1.0640889013312247,0.4633462128914924,chronological_blocked
gap300__feature_knn,VitalDB,DBP_train_median_deviation_10-20,476,5531,8.53596586071837,5.379182543936888,6.9575742023276295,0.9557435851671432,1.2268424301747167,0.6846447401595688,chronological_blocked
gap300__feature_knn,Overall,DBP_train_median_deviation_>20,186,1796,13.46831122880238,13.554232999225547,13.511272114013964,0.7021168789711396,0.9513340550976644,0.4528997028446166,chronological_blocked
gap300__feature_knn,MIMIC,DBP_train_median_deviation_>20,78,800,12.78066831895823,13.95185088733608,13.366259603147157,0.3390186407311297,0.6350940595331789,0.0429432219290788,chronological_blocked
gap300__feature_knn,VitalDB,DBP_train_median_deviation_>20,108,996,13.964942219245373,13.267064524479052,13.616003371862211,0.9643544954778154,1.1797296074497885,0.7489793835058425,chronological_blocked
gap300__nearest_record_time_bp,Overall,SBP_train_median_deviation_0-10,1862,52043,7.470865399446237,4.036181444129123,5.75352342178768,2.44838141266014,3.2960807988787195,1.60068202644156,chronological_blocked
gap300__nearest_record_time_bp,MIMIC,SBP_train_median_deviation_0-10,918,27267,6.183148934034102,3.242705148159032,4.712927041096567,1.6967489508550575,2.381974954130836,1.0115229475792793,chronological_blocked
gap300__nearest_record_time_bp,VitalDB,SBP_train_median_deviation_0-10,944,24776,8.723115097802529,4.807803520083089,6.765459308942809,3.179312132932455,4.18500999959753,2.1736142662673803,chronological_blocked
gap300__nearest_record_time_bp,Overall,SBP_train_median_deviation_10-20,1500,19744,10.687231239862015,5.386926933691567,8.037079086776792,3.4036760852126555,4.596748836270332,2.2106033341549773,chronological_blocked
gap300__nearest_record_time_bp,MIMIC,SBP_train_median_deviation_10-20,693,8544,9.702021461009457,4.541442457772396,7.121731959390925,2.3962946759044126,3.4042471649201502,1.3883421868886754,chronological_blocked
gap300__nearest_record_time_bp,VitalDB,SBP_train_median_deviation_10-20,807,11200,11.53326640311459,6.1129749408935306,8.82312067200406,4.268750827034975,5.620793022448371,2.916708631621579,chronological_blocked
gap300__nearest_record_time_bp,Overall,SBP_train_median_deviation_>20,741,10253,17.75573681958781,8.92230092649686,13.339018873042336,5.769919464483372,7.932768144194224,3.607070784772519,chronological_blocked
gap300__nearest_record_time_bp,MIMIC,SBP_train_median_deviation_>20,329,4629,16.09487163279151,7.29051103076201,11.69269133177676,3.696948926119777,5.336357001351905,2.0575408508876487,chronological_blocked
gap300__nearest_record_time_bp,VitalDB,SBP_train_median_deviation_>20,412,5624,19.08201023331592,10.225356450032702,14.653683341674313,7.425277006040709,10.00611587719209,4.844438134889327,chronological_blocked
gap300__nearest_record_time_bp,Overall,DBP_train_median_deviation_0-10,1999,71072,7.844221471488162,4.035421434745675,5.9398214531169184,2.500159035531893,3.3277042071870904,1.6726138638766974,chronological_blocked
gap300__nearest_record_time_bp,MIMIC,DBP_train_median_deviation_0-10,982,35999,6.510760585974738,3.202900952248337,4.8568307691115375,1.6417719338446517,2.2180338054831017,1.0655100622062017,chronological_blocked
gap300__nearest_record_time_bp,VitalDB,DBP_train_median_deviation_0-10,1017,35073,9.131791372741048,4.839290769861099,6.985541071301073,3.329004791536686,4.3991853620281125,2.258824221045259,chronological_blocked
gap300__nearest_record_time_bp,Overall,DBP_train_median_deviation_10-20,776,9172,15.021031753414997,9.076851699696636,12.048941726555816,5.485313660457791,7.047990845893019,3.9226364750225615,chronological_blocked
gap300__nearest_record_time_bp,MIMIC,DBP_train_median_deviation_10-20,300,3641,14.090743389192491,8.369856976325163,11.230300182758828,3.775286831013244,5.064286751531581,2.486286910494906,chronological_blocked
gap300__nearest_record_time_bp,VitalDB,DBP_train_median_deviation_10-20,476,5531,15.607347949353544,9.52243660938454,12.564892279369042,6.563061662208556,8.29822451880989,4.827898805607221,chronological_blocked
gap300__nearest_record_time_bp,Overall,DBP_train_median_deviation_>20,186,1796,23.848118974867337,19.35741706676415,21.602768020815745,8.793612785772922,11.33114180116262,6.256083770383219,chronological_blocked
gap300__nearest_record_time_bp,MIMIC,DBP_train_median_deviation_>20,78,800,18.62725735172847,17.22328317310138,17.925270262414926,4.8980292999989,6.4816830923034185,3.3143755076943773,chronological_blocked
gap300__nearest_record_time_bp,VitalDB,DBP_train_median_deviation_>20,108,996,27.618741258245404,20.898735989965044,24.258738624105224,11.607089747720826,14.83352864644982,8.380650848991833,chronological_blocked
gap300__time_matched_feature_uniform,Overall,SBP_train_median_deviation_0-10,1862,52043,4.8140437448251845,2.792521982193012,3.8032828635090974,0.4981408543815582,0.6392591442576672,0.3570225645054492,chronological_blocked
gap300__time_matched_feature_uniform,MIMIC,SBP_train_median_deviation_0-10,918,27267,4.172998041517467,2.464207858761688,3.318602950139577,0.3024248598980681,0.371824061614201,0.2330256581819352,chronological_blocked
gap300__time_matched_feature_uniform,VitalDB,SBP_train_median_deviation_0-10,944,24776,5.437433528338408,3.111793555614576,4.274613541976492,0.6884663659661379,0.8993284301334095,0.4776043017988667,chronological_blocked
gap300__time_matched_feature_uniform,Overall,SBP_train_median_deviation_10-20,1500,19744,7.068563975645536,3.70124959013264,5.384906782889088,0.751503781324951,0.9780815720538508,0.5249259905960502,chronological_blocked
gap300__time_matched_feature_uniform,MIMIC,SBP_train_median_deviation_10-20,693,8544,6.961956905757678,3.556101816147464,5.259029360952571,0.5335920774660581,0.664182609668373,0.4030015452637432,chronological_blocked
gap300__time_matched_feature_uniform,VitalDB,SBP_train_median_deviation_10-20,807,11200,7.160111310753698,3.8258932176068985,5.493002264180298,0.9386324192112124,1.2476379300874791,0.6296269083349468,chronological_blocked
gap300__time_matched_feature_uniform,Overall,SBP_train_median_deviation_>20,741,10253,11.220237758246942,5.919919103685227,8.570078430966085,1.0009790224071216,1.3972690828533558,0.6046889619608864,chronological_blocked
gap300__time_matched_feature_uniform,MIMIC,SBP_train_median_deviation_>20,329,4629,12.059713680879796,5.724614641490876,8.892164161185336,0.8964217555283529,1.301199049440191,0.4916444616165147,chronological_blocked
gap300__time_matched_feature_uniform,VitalDB,SBP_train_median_deviation_>20,412,5624,10.549879557892066,6.075878249466635,8.312878903679351,1.084472568045749,1.4739852017682369,0.6949599343232595,chronological_blocked
gap300__time_matched_feature_uniform,Overall,DBP_train_median_deviation_0-10,1999,71072,5.244577674121063,2.7657247649615715,4.005151219541317,0.5654888019562923,0.7280604098199905,0.4029171940925935,chronological_blocked
gap300__time_matched_feature_uniform,MIMIC,DBP_train_median_deviation_0-10,982,35999,4.726388315152151,2.406789769804551,3.566589042478351,0.3515302072114652,0.4336615346605139,0.2693988797624156,chronological_blocked
gap300__time_matched_feature_uniform,VitalDB,DBP_train_median_deviation_0-10,1017,35073,5.744933574325065,3.1123070316716928,4.428620302998379,0.7720840232339916,1.0123275636121312,0.5318404828558525,chronological_blocked
gap300__time_matched_feature_uniform,Overall,DBP_train_median_deviation_10-20,776,9172,9.19487497019084,5.793604995311327,7.4942399827510835,0.9306119166530592,1.2218340626688642,0.6393897706372531,chronological_blocked
gap300__time_matched_feature_uniform,MIMIC,DBP_train_median_deviation_10-20,300,3641,10.187555702040532,6.427580970810019,8.307568336425275,0.8525549846796903,1.16109906437962,0.5440109049797615,chronological_blocked
gap300__time_matched_feature_uniform,VitalDB,DBP_train_median_deviation_10-20,476,5531,8.56923585347885,5.394040304870974,6.981638079174912,0.979807462014426,1.2601124229351957,0.6995025010936553,chronological_blocked
gap300__time_matched_feature_uniform,Overall,DBP_train_median_deviation_>20,186,1796,13.617427918434805,13.62014887654578,13.618788397490292,0.8096331624474686,1.1004507447300875,0.5188155801648477,chronological_blocked
gap300__time_matched_feature_uniform,MIMIC,DBP_train_median_deviation_>20,78,800,12.866020303485826,13.976616491134203,13.421318397310015,0.3940774348939886,0.7204460440607736,0.0677088257272036,chronological_blocked
gap300__time_matched_feature_uniform,VitalDB,DBP_train_median_deviation_>20,108,996,14.160111195897947,13.362700043787472,13.761405619842712,1.1097567434583144,1.3748985841023649,0.8446149028142624,chronological_blocked
gap300__time_stratum_random_uniform,Overall,SBP_train_median_deviation_0-10,1862,52043,5.563048052186405,3.371537705240576,4.46729287871349,1.16215086958595,1.3882634516188874,0.9360382875530128,chronological_blocked
gap300__time_stratum_random_uniform,MIMIC,SBP_train_median_deviation_0-10,918,27267,4.914640944205625,3.021710672374925,3.968175808290275,0.9519977180487662,1.1134669643023596,0.7905284717951728,chronological_blocked
gap300__time_stratum_random_uniform,VitalDB,SBP_train_median_deviation_0-10,944,24776,6.193596489820256,3.7117296715230617,4.952663080671659,1.3665159046613051,1.6554913916152572,1.0775404177073526,chronological_blocked
gap300__time_stratum_random_uniform,Overall,SBP_train_median_deviation_10-20,1500,19744,10.661805891265304,5.328666848485564,7.995236369875434,3.361833368311297,4.5713234876736175,2.1523432489489744,chronological_blocked
gap300__time_stratum_random_uniform,MIMIC,SBP_train_median_deviation_10-20,693,8544,10.45549697429141,4.90600678821877,7.68075188125509,2.9553145977685773,4.157722678202106,1.752906517335049,chronological_blocked
gap300__time_stratum_random_uniform,VitalDB,SBP_train_median_deviation_10-20,807,11200,10.838970797662954,5.69162028313846,8.265295540400707,3.710925695431622,4.926497416996735,2.495353973866508,chronological_blocked
gap300__time_stratum_random_uniform,Overall,SBP_train_median_deviation_>20,741,10253,19.37294372524788,9.483500903959191,14.428222314603538,6.859122906044575,9.549975049854297,4.168270762234851,chronological_blocked
gap300__time_stratum_random_uniform,MIMIC,SBP_train_median_deviation_>20,329,4629,19.24704080264078,8.328583552933777,13.787812177787275,5.792069772130294,8.488526171201174,3.0956133730594155,chronological_blocked
gap300__time_stratum_random_uniform,VitalDB,SBP_train_median_deviation_>20,412,5624,19.473482709562784,10.405752866307155,14.93961778793497,7.711211452301368,10.397588353438955,5.02483455116378,chronological_blocked
gap300__time_stratum_random_uniform,Overall,DBP_train_median_deviation_0-10,1999,71072,7.029391334840649,3.513094079490361,5.271242707165505,1.83158028958048,2.512874070539577,1.1502865086213832,chronological_blocked
gap300__time_stratum_random_uniform,MIMIC,DBP_train_median_deviation_0-10,982,35999,6.426184763398595,3.0579993364538702,4.7420920499262325,1.5270332146593466,2.1334579829069584,0.9206084464117348,chronological_blocked
gap300__time_stratum_random_uniform,VitalDB,DBP_train_median_deviation_0-10,1017,35073,7.611838584748315,3.952526761557061,5.782182673152688,2.1256463933883007,2.879232574035381,1.372060212741221,chronological_blocked
gap300__time_stratum_random_uniform,Overall,DBP_train_median_deviation_10-20,776,9172,15.334414735758523,9.692962800517776,12.513688768138149,5.950060702040124,7.361373828236547,4.538747575843702,chronological_blocked
gap300__time_stratum_random_uniform,MIMIC,DBP_train_median_deviation_10-20,300,3641,15.702723117165228,9.63847656306105,12.670599840113136,5.215586488367553,6.676266479504315,3.754906497230792,chronological_blocked
gap300__time_stratum_random_uniform,VitalDB,DBP_train_median_deviation_10-20,476,5531,15.10228760461984,9.727302866141764,12.414795235380804,6.412964618220316,7.793164174076187,5.0327650623644455,chronological_blocked
gap300__time_stratum_random_uniform,Overall,DBP_train_median_deviation_>20,186,1796,24.960486085216004,21.03433708238976,22.99741158380288,10.188256348760056,12.44350891151129,7.933003786008827,chronological_blocked
gap300__time_stratum_random_uniform,MIMIC,DBP_train_median_deviation_>20,78,800,22.30747826671145,20.322347008504973,21.31491263760821,8.287671675192183,10.161904007286395,6.413439343097972,chronological_blocked
gap300__time_stratum_random_uniform,VitalDB,DBP_train_median_deviation_>20,108,996,26.8765472874693,21.548552135750988,24.212549711610144,11.560900835225748,14.091334675673716,9.030466994777775,chronological_blocked
