Seed,Setting,BP,MAE,R²,ME,STD,≤5 mmHg (%),≤10 mmHg (%),≤15 mmHg (%),AAMI,BHS,Participant-macro MAE,N participants,N query events,Method,K,Aggregation,Standards scope
20260813,B0 Population BP mean (K=1),SBP,17.977358,-0.003915,1.377400,22.014777,15.984319,31.902978,47.190143,FAIL*,FAIL (Grade D)*,17.380697,697,103564,population_mean,1,event-pooled diagnostic,numerical screen only; formal compliance not established
20260813,B0 Population BP mean (K=1),DBP,10.198625,-0.000694,-0.346821,13.165570,29.949596,57.974779,77.576185,FAIL*,FAIL (Grade D)*,9.858857,697,103564,population_mean,1,event-pooled diagnostic,numerical screen only; formal compliance not established
20260813,B0 Population BP mean (K=2),SBP,17.977358,-0.003915,1.377400,22.014777,15.984319,31.902978,47.190143,FAIL*,FAIL (Grade D)*,17.380697,697,103564,population_mean,2,event-pooled diagnostic,numerical screen only; formal compliance not established
20260813,B0 Population BP mean (K=2),DBP,10.198625,-0.000694,-0.346821,13.165570,29.949596,57.974779,77.576185,FAIL*,FAIL (Grade D)*,9.858857,697,103564,population_mean,2,event-pooled diagnostic,numerical screen only; formal compliance not established
20260813,B0 Population BP mean (K=3),SBP,17.977358,-0.003915,1.377400,22.014777,15.984319,31.902978,47.190143,FAIL*,FAIL (Grade D)*,17.380697,697,103564,population_mean,3,event-pooled diagnostic,numerical screen only; formal compliance not established
20260813,B0 Population BP mean (K=3),DBP,10.198625,-0.000694,-0.346821,13.165570,29.949596,57.974779,77.576185,FAIL*,FAIL (Grade D)*,9.858857,697,103564,population_mean,3,event-pooled diagnostic,numerical screen only; formal compliance not established
20260813,B0 Population BP mean (K=5),SBP,17.977358,-0.003915,1.377400,22.014777,15.984319,31.902978,47.190143,FAIL*,FAIL (Grade D)*,17.380697,697,103564,population_mean,5,event-pooled diagnostic,numerical screen only; formal compliance not established
20260813,B0 Population BP mean (K=5),DBP,10.198625,-0.000694,-0.346821,13.165570,29.949596,57.974779,77.576185,FAIL*,FAIL (Grade D)*,9.858857,697,103564,population_mean,5,event-pooled diagnostic,numerical screen only; formal compliance not established
20260813,B3 Population PPG network (K=1),SBP,15.061996,0.228557,-0.719951,19.322571,21.597273,41.799274,59.000232,FAIL*,FAIL (Grade D)*,14.551506,697,103564,population,1,event-pooled diagnostic,numerical screen only; formal compliance not established
20260813,B3 Population PPG network (K=1),DBP,9.146827,0.175962,-0.292398,11.947671,34.077479,63.436136,82.442741,FAIL*,FAIL (Grade D)*,8.725433,697,103564,population,1,event-pooled diagnostic,numerical screen only; formal compliance not established
20260813,B3 Population PPG network (K=2),SBP,15.061996,0.228557,-0.719951,19.322571,21.597273,41.799274,59.000232,FAIL*,FAIL (Grade D)*,14.551506,697,103564,population,2,event-pooled diagnostic,numerical screen only; formal compliance not established
20260813,B3 Population PPG network (K=2),DBP,9.146827,0.175962,-0.292398,11.947671,34.077479,63.436136,82.442741,FAIL*,FAIL (Grade D)*,8.725433,697,103564,population,2,event-pooled diagnostic,numerical screen only; formal compliance not established
20260813,B3 Population PPG network (K=3),SBP,15.061996,0.228557,-0.719951,19.322571,21.597273,41.799274,59.000232,FAIL*,FAIL (Grade D)*,14.551506,697,103564,population,3,event-pooled diagnostic,numerical screen only; formal compliance not established
20260813,B3 Population PPG network (K=3),DBP,9.146827,0.175962,-0.292398,11.947671,34.077479,63.436136,82.442741,FAIL*,FAIL (Grade D)*,8.725433,697,103564,population,3,event-pooled diagnostic,numerical screen only; formal compliance not established
20260813,B3 Population PPG network (K=5),SBP,15.061996,0.228557,-0.719951,19.322571,21.597273,41.799274,59.000232,FAIL*,FAIL (Grade D)*,14.551506,697,103564,population,5,event-pooled diagnostic,numerical screen only; formal compliance not established
20260813,B3 Population PPG network (K=5),DBP,9.146827,0.175962,-0.292398,11.947671,34.077479,63.436136,82.442741,FAIL*,FAIL (Grade D)*,8.725433,697,103564,population,5,event-pooled diagnostic,numerical screen only; formal compliance not established
20260813,B1 Last-cuff persistence (K=1),SBP,18.831464,-0.317668,0.197679,25.269931,20.264764,38.195705,52.491213,FAIL*,FAIL (Grade D)*,19.369449,697,103564,last_cuff,1,event-pooled diagnostic,numerical screen only; formal compliance not established
20260813,B1 Last-cuff persistence (K=1),DBP,10.694021,-0.252904,0.593763,14.724675,34.930092,59.223282,75.389131,FAIL*,FAIL (Grade D)*,10.676897,697,103564,last_cuff,1,event-pooled diagnostic,numerical screen only; formal compliance not established
20260813,B1 Last-cuff persistence (K=2),SBP,18.104333,-0.188872,1.058608,23.980546,20.415395,38.686223,53.609362,FAIL*,FAIL (Grade D)*,18.034405,697,103564,last_cuff,2,event-pooled diagnostic,numerical screen only; formal compliance not established
20260813,B1 Last-cuff persistence (K=2),DBP,10.376849,-0.118702,0.572861,13.913263,34.736974,59.513924,76.131667,FAIL*,FAIL (Grade D)*,9.616320,697,103564,last_cuff,2,event-pooled diagnostic,numerical screen only; formal compliance not established
20260813,B1 Last-cuff persistence (K=3),SBP,17.364332,-0.084229,-0.034686,22.923150,21.124136,39.674984,54.831795,FAIL*,FAIL (Grade D)*,16.855551,697,103564,last_cuff,3,event-pooled diagnostic,numerical screen only; formal compliance not established
20260813,B1 Last-cuff persistence (K=3),DBP,9.958043,-0.053908,0.325954,13.511844,36.671044,61.846781,77.681434,FAIL*,FAIL (Grade D)*,9.130924,697,103564,last_cuff,3,event-pooled diagnostic,numerical screen only; formal compliance not established
20260813,B1 Last-cuff persistence (K=5),SBP,17.139782,-0.076769,-0.690510,22.833743,22.469198,41.104052,56.250241,FAIL*,FAIL (Grade D)*,16.418218,697,103564,last_cuff,5,event-pooled diagnostic,numerical screen only; formal compliance not established
20260813,B1 Last-cuff persistence (K=5),DBP,9.967192,-0.054651,0.013503,13.520537,36.669113,61.533931,77.162914,FAIL*,FAIL (Grade D)*,9.047688,697,103564,last_cuff,5,event-pooled diagnostic,numerical screen only; formal compliance not established
20260813,B2 Support-BP mean (K=1),SBP,18.831464,-0.317668,0.197679,25.269931,20.264764,38.195705,52.491213,FAIL*,FAIL (Grade D)*,19.369449,697,103564,support_mean,1,event-pooled diagnostic,numerical screen only; formal compliance not established
20260813,B2 Support-BP mean (K=1),DBP,10.694021,-0.252904,0.593763,14.724675,34.930092,59.223282,75.389131,FAIL*,FAIL (Grade D)*,10.676897,697,103564,support_mean,1,event-pooled diagnostic,numerical screen only; formal compliance not established
20260813,B2 Support-BP mean (K=2),SBP,17.815870,-0.160980,0.628144,23.712336,21.036267,39.583253,54.543084,FAIL*,FAIL (Grade D)*,17.636259,697,103564,support_mean,2,event-pooled diagnostic,numerical screen only; formal compliance not established
20260813,B2 Support-BP mean (K=2),DBP,10.119607,-0.080558,0.583312,13.673158,36.094589,60.828087,76.935035,FAIL*,FAIL (Grade D)*,9.503751,697,103564,support_mean,2,event-pooled diagnostic,numerical screen only; formal compliance not established
20260813,B2 Support-BP mean (K=3),SBP,17.165935,-0.070764,0.407200,22.776752,21.786528,40.778649,55.640956,FAIL*,FAIL (Grade D)*,16.603542,697,103564,support_mean,3,event-pooled diagnostic,numerical screen only; formal compliance not established
20260813,B2 Support-BP mean (K=3),DBP,9.772298,-0.009294,0.497526,13.217246,37.243637,62.276467,78.226990,FAIL*,FAIL (Grade D)*,8.906004,697,103564,support_mean,3,event-pooled diagnostic,numerical screen only; formal compliance not established
20260813,B2 Support-BP mean (K=5),SBP,16.487172,0.011048,-0.030519,21.892804,22.783013,42.216407,57.202310,FAIL*,FAIL (Grade D)*,15.502776,697,103564,support_mean,5,event-pooled diagnostic,numerical screen only; formal compliance not established
20260813,B2 Support-BP mean (K=5),DBP,9.412464,0.048866,0.268849,12.837054,38.690085,64.315785,79.714959,FAIL*,FAIL (Grade D)*,8.393494,697,103564,support_mean,5,event-pooled diagnostic,numerical screen only; formal compliance not established
20260813,B4 Residual-offset correction (K=1),SBP,16.524211,0.030594,0.691626,21.664361,21.402225,40.516975,56.261828,FAIL*,FAIL (Grade D)*,15.885840,697,103564,residual_offset,1,event-pooled diagnostic,numerical screen only; formal compliance not established
20260813,B4 Residual-offset correction (K=1),DBP,9.251887,0.060227,0.353769,12.758045,38.479588,65.039975,81.178788,FAIL*,FAIL (Grade D)*,8.723544,697,103564,residual_offset,1,event-pooled diagnostic,numerical screen only; formal compliance not established
20260813,B4 Residual-offset correction (K=2),SBP,15.548327,0.142489,1.267923,20.346625,22.749218,42.999498,59.093894,FAIL*,FAIL (Grade D)*,14.477346,697,103564,residual_offset,2,event-pooled diagnostic,numerical screen only; formal compliance not established
20260813,B4 Residual-offset correction (K=2),DBP,8.723808,0.177884,0.387930,11.930995,40.645398,67.333243,82.611718,FAIL*,FAIL (Grade D)*,7.903242,697,103564,residual_offset,2,event-pooled diagnostic,numerical screen only; formal compliance not established
20260813,B4 Residual-offset correction (K=3),SBP,14.901358,0.213868,1.187908,19.483014,23.364296,44.454637,60.846433,FAIL*,FAIL (Grade D)*,13.730919,697,103564,residual_offset,3,event-pooled diagnostic,numerical screen only; formal compliance not established
20260813,B4 Residual-offset correction (K=3),DBP,8.323030,0.252454,0.357197,11.377446,42.021359,69.153374,84.344946,FAIL*,FAIL (Grade D)*,7.454325,697,103564,residual_offset,3,event-pooled diagnostic,numerical screen only; formal compliance not established
20260813,B4 Residual-offset correction (K=5),SBP,14.287683,0.272048,0.823976,18.764944,24.376231,46.053648,62.698428,FAIL*,FAIL (Grade D)*,12.868661,697,103564,residual_offset,5,event-pooled diagnostic,numerical screen only; formal compliance not established
20260813,B4 Residual-offset correction (K=5),DBP,7.950801,0.310931,0.269609,10.925439,43.724653,71.195589,85.987409,FAIL*,FAIL (Grade C)*,6.993263,697,103564,residual_offset,5,event-pooled diagnostic,numerical screen only; formal compliance not established
20260813,B6 Head-only adaptation (K=1),SBP,14.681134,0.264645,-0.396341,18.874137,22.839983,43.133714,60.212043,FAIL*,FAIL (Grade D)*,14.130012,697,103564,head,1,event-pooled diagnostic,numerical screen only; formal compliance not established
20260813,B6 Head-only adaptation (K=1),DBP,8.299944,0.280277,-0.100709,11.168757,40.537252,68.453324,84.823877,FAIL*,FAIL (Grade D)*,7.819457,697,103564,head,1,event-pooled diagnostic,numerical screen only; formal compliance not established
20260813,B6 Head-only adaptation (K=2),SBP,14.216876,0.299344,0.445763,18.422122,23.748600,45.135375,62.274536,FAIL*,FAIL (Grade D)*,13.393729,697,103564,head,2,event-pooled diagnostic,numerical screen only; formal compliance not established
20260813,B6 Head-only adaptation (K=2),DBP,8.115687,0.299163,0.085119,11.021363,42.070604,69.671894,85.318257,FAIL*,FAIL (Grade C)*,7.460045,697,103564,head,2,event-pooled diagnostic,numerical screen only; formal compliance not established
20260813,B6 Head-only adaptation (K=3),SBP,13.911383,0.326487,0.512215,18.059783,24.067243,45.959021,63.505658,FAIL*,FAIL (Grade D)*,12.942953,697,103564,head,3,event-pooled diagnostic,numerical screen only; formal compliance not established
20260813,B6 Head-only adaptation (K=3),DBP,7.868781,0.333895,0.145860,10.744127,43.599127,71.243869,86.340813,FAIL*,FAIL (Grade C)*,7.137853,697,103564,head,3,event-pooled diagnostic,numerical screen only; formal compliance not established
20260813,B6 Head-only adaptation (K=5),SBP,13.487823,0.357915,0.297635,17.637980,25.354370,47.639141,65.075702,FAIL*,FAIL (Grade D)*,12.277165,697,103564,head,5,event-pooled diagnostic,numerical screen only; formal compliance not established
20260813,B6 Head-only adaptation (K=5),DBP,7.657257,0.366591,0.171505,10.476677,44.265382,72.435402,87.619250,FAIL*,FAIL (Grade C)*,6.830880,697,103564,head,5,event-pooled diagnostic,numerical screen only; formal compliance not established
20260813,B7 Full-network adaptation (K=1),SBP,18.820819,-0.315642,0.432823,25.247553,20.258970,38.117493,52.517284,FAIL*,FAIL (Grade D)*,19.353781,697,103564,full,1,event-pooled diagnostic,numerical screen only; formal compliance not established
20260813,B7 Full-network adaptation (K=1),DBP,10.698103,-0.251323,0.503092,14.718746,35.026650,59.259975,75.274227,FAIL*,FAIL (Grade D)*,10.710581,697,103564,full,1,event-pooled diagnostic,numerical screen only; formal compliance not established
20260813,B7 Full-network adaptation (K=2),SBP,17.851472,-0.158493,0.678044,23.685535,20.622031,39.300336,54.229269,FAIL*,FAIL (Grade D)*,17.415512,697,103564,full,2,event-pooled diagnostic,numerical screen only; formal compliance not established
20260813,B7 Full-network adaptation (K=2),DBP,10.107851,-0.077854,0.456899,13.660822,36.061759,60.826156,77.139740,FAIL*,FAIL (Grade D)*,9.346780,697,103564,full,2,event-pooled diagnostic,numerical screen only; formal compliance not established
20260813,B7 Full-network adaptation (K=3),SBP,17.077279,-0.057299,0.393485,22.633284,21.568306,40.619327,55.719169,FAIL*,FAIL (Grade D)*,16.263417,697,103564,full,3,event-pooled diagnostic,numerical screen only; formal compliance not established
20260813,B7 Full-network adaptation (K=3),DBP,9.700008,-0.004394,0.263733,13.191827,37.696497,62.836507,78.575567,FAIL*,FAIL (Grade D)*,8.732624,697,103564,full,3,event-pooled diagnostic,numerical screen only; formal compliance not established
20260813,B7 Full-network adaptation (K=5),SBP,16.617539,-0.010682,0.315438,22.129792,22.787841,42.215442,57.196516,FAIL*,FAIL (Grade D)*,15.369933,697,103564,full,5,event-pooled diagnostic,numerical screen only; formal compliance not established
20260813,B7 Full-network adaptation (K=5),DBP,9.448437,0.035944,0.268616,12.924000,38.834923,64.259781,79.465838,FAIL*,FAIL (Grade D)*,8.354720,697,103564,full,5,event-pooled diagnostic,numerical screen only; formal compliance not established
20260813,B8 LoRA adaptation (K=1),SBP,13.935911,0.341552,-0.999455,17.835864,23.902128,45.201035,62.092040,FAIL*,FAIL (Grade D)*,13.312206,697,103564,lora,1,event-pooled diagnostic,numerical screen only; formal compliance not established
20260813,B8 LoRA adaptation (K=1),DBP,7.827116,0.351663,-0.505884,10.588754,42.193233,71.472713,87.427098,FAIL*,FAIL (Grade C)*,7.431807,697,103564,lora,1,event-pooled diagnostic,numerical screen only; formal compliance not established
20260813,B8 LoRA adaptation (K=2),SBP,13.645722,0.362969,-0.502337,17.563743,24.303812,46.386775,63.588699,FAIL*,FAIL (Grade D)*,12.861629,697,103564,lora,2,event-pooled diagnostic,numerical screen only; formal compliance not established
20260813,B8 LoRA adaptation (K=2),DBP,7.731446,0.362421,-0.434078,10.503551,42.848866,72.085860,87.710015,FAIL*,FAIL (Grade C)*,7.225097,697,103564,lora,2,event-pooled diagnostic,numerical screen only; formal compliance not established
20260813,B8 LoRA adaptation (K=3),SBP,13.449572,0.376984,-0.530428,17.368459,24.915994,47.279943,64.325441,FAIL*,FAIL (Grade D)*,12.593966,697,103564,lora,3,event-pooled diagnostic,numerical screen only; formal compliance not established
20260813,B8 LoRA adaptation (K=3),DBP,7.617982,0.378300,-0.308878,10.376189,43.586574,72.739562,88.088525,FAIL*,FAIL (Grade C)*,7.055018,697,103564,lora,3,event-pooled diagnostic,numerical screen only; formal compliance not established
20260813,B8 LoRA adaptation (K=5),SBP,13.139345,0.399492,-0.601708,17.049175,25.926963,48.312155,65.406898,FAIL*,FAIL (Grade D)*,12.169574,697,103564,lora,5,event-pooled diagnostic,numerical screen only; formal compliance not established
20260813,B8 LoRA adaptation (K=5),DBP,7.467819,0.395793,-0.246231,10.230730,44.700861,73.666525,88.608976,FAIL*,FAIL (Grade C)*,6.847649,697,103564,lora,5,event-pooled diagnostic,numerical screen only; formal compliance not established
20260813,M0 Variable-K residual anchor (K=1),SBP,13.605844,0.333313,1.526273,17.910353,26.001313,48.383608,65.176123,FAIL*,FAIL (Grade D)*,12.864812,697,103564,m0,1,event-pooled diagnostic,numerical screen only; formal compliance not established
20260813,M0 Variable-K residual anchor (K=1),DBP,7.883539,0.325905,0.949898,10.767549,43.588506,71.283458,86.335985,FAIL*,FAIL (Grade C)*,7.130831,697,103564,m0,1,event-pooled diagnostic,numerical screen only; formal compliance not established
20260813,M0 Variable-K residual anchor (K=2),SBP,13.130776,0.369503,1.920240,17.374789,27.604187,50.278089,66.376347,FAIL*,FAIL (Grade D)*,12.155421,697,103564,m0,2,event-pooled diagnostic,numerical screen only; formal compliance not established
20260813,M0 Variable-K residual anchor (K=2),DBP,7.707030,0.343941,0.963140,10.620192,45.283110,72.910471,86.794639,FAIL*,FAIL (Grade C)*,6.713854,697,103564,m0,2,event-pooled diagnostic,numerical screen only; formal compliance not established
20260813,M0 Variable-K residual anchor (K=3),SBP,12.780409,0.401445,1.956339,16.919304,28.164227,51.311266,67.611332,FAIL*,FAIL (Grade D)*,11.770079,697,103564,m0,3,event-pooled diagnostic,numerical screen only; formal compliance not established
20260813,M0 Variable-K residual anchor (K=3),DBP,7.530963,0.368338,1.020656,10.413723,46.348152,74.044069,87.233981,FAIL*,FAIL (Grade C)*,6.468184,697,103564,m0,3,event-pooled diagnostic,numerical screen only; formal compliance not established
20260813,M0 Variable-K residual anchor (K=5),SBP,12.406578,0.430908,1.710925,16.519186,29.123054,52.580047,69.030744,FAIL*,FAIL (Grade D)*,11.218887,697,103564,m0,5,event-pooled diagnostic,numerical screen only; formal compliance not established
20260813,M0 Variable-K residual anchor (K=5),DBP,7.275180,0.401144,0.926642,10.146054,47.943301,75.329265,87.935962,FAIL*,FAIL (Grade C)*,6.156757,697,103564,m0,5,event-pooled diagnostic,numerical screen only; formal compliance not established
20260813,M1 M0 + FiLM (K=1),SBP,13.600996,0.334953,1.494465,17.890829,26.151945,48.280290,64.760921,FAIL*,FAIL (Grade D)*,12.871093,697,103564,m1,1,event-pooled diagnostic,numerical screen only; formal compliance not established
20260813,M1 M0 + FiLM (K=1),DBP,8.010342,0.306810,0.657490,10.941660,42.945425,70.720521,85.901472,FAIL*,FAIL (Grade C)*,7.273664,697,103564,m1,1,event-pooled diagnostic,numerical screen only; formal compliance not established
20260813,M1 M0 + FiLM (K=2),SBP,12.981431,0.385729,1.679466,17.172246,27.764474,50.391063,66.777065,FAIL*,FAIL (Grade D)*,12.070202,697,103564,m1,2,event-pooled diagnostic,numerical screen only; formal compliance not established
20260813,M1 M0 + FiLM (K=2),DBP,7.726438,0.340926,0.607862,10.670953,44.790661,72.786876,86.783052,FAIL*,FAIL (Grade C)*,6.806402,697,103564,m1,2,event-pooled diagnostic,numerical screen only; formal compliance not established
20260813,M1 M0 + FiLM (K=3),SBP,12.629079,0.417422,1.632504,16.723686,28.263682,51.392376,68.126955,FAIL*,FAIL (Grade D)*,11.705056,697,103564,m1,3,event-pooled diagnostic,numerical screen only; formal compliance not established
20260813,M1 M0 + FiLM (K=3),DBP,7.523246,0.368361,0.629908,10.444455,46.186899,74.080762,87.435788,FAIL*,FAIL (Grade C)*,6.547821,697,103564,m1,3,event-pooled diagnostic,numerical screen only; formal compliance not established
20260813,M1 M0 + FiLM (K=5),SBP,12.256849,0.443459,1.406960,16.363014,29.491908,52.935383,69.519331,FAIL*,FAIL (Grade D)*,11.150246,697,103564,m1,5,event-pooled diagnostic,numerical screen only; formal compliance not established
20260813,M1 M0 + FiLM (K=5),DBP,7.277146,0.398167,0.545605,10.198992,47.992546,75.404581,88.181221,FAIL*,FAIL (Grade C)*,6.219953,697,103564,m1,5,event-pooled diagnostic,numerical screen only; formal compliance not established
20260813,M2 M1 + reliability weighting (K=1),SBP,13.687851,0.330622,1.075936,17.979343,25.709706,47.848673,64.506006,FAIL*,FAIL (Grade D)*,13.000918,697,103564,m2,1,event-pooled diagnostic,numerical screen only; formal compliance not established
20260813,M2 M1 + reliability weighting (K=1),DBP,8.014943,0.307273,0.705461,10.935004,43.099919,70.507126,85.796223,FAIL*,FAIL (Grade C)*,7.333050,697,103564,m2,1,event-pooled diagnostic,numerical screen only; formal compliance not established
20260813,M2 M1 + reliability weighting (K=2),SBP,13.447972,0.336208,1.459749,17.876700,26.806612,49.567417,65.837550,FAIL*,FAIL (Grade D)*,12.397957,697,103564,m2,2,event-pooled diagnostic,numerical screen only; formal compliance not established
20260813,M2 M1 + reliability weighting (K=2),DBP,7.854113,0.320591,0.804556,10.822022,44.522228,72.032753,86.418060,FAIL*,FAIL (Grade C)*,6.852663,697,103564,m2,2,event-pooled diagnostic,numerical screen only; formal compliance not established
20260813,M2 M1 + reliability weighting (K=3),SBP,13.005567,0.378962,1.459219,17.287486,27.361825,50.752192,67.333243,FAIL*,FAIL (Grade D)*,11.941254,697,103564,m2,3,event-pooled diagnostic,numerical screen only; formal compliance not established
20260813,M2 M1 + reliability weighting (K=3),DBP,7.652771,0.349209,0.831998,10.588239,45.773628,73.093932,87.030242,FAIL*,FAIL (Grade C)*,6.586575,697,103564,m2,3,event-pooled diagnostic,numerical screen only; formal compliance not established
20260813,M2 M1 + reliability weighting (K=5),SBP,12.589348,0.408564,1.354862,16.876136,29.184852,52.474798,68.671546,FAIL*,FAIL (Grade D)*,11.298556,697,103564,m2,5,event-pooled diagnostic,numerical screen only; formal compliance not established
20260813,M2 M1 + reliability weighting (K=5),DBP,7.457097,0.373921,0.748044,10.390383,47.076204,74.253602,87.528485,FAIL*,FAIL (Grade C)*,6.300372,697,103564,m2,5,event-pooled diagnostic,numerical screen only; formal compliance not established
20260814,B0 Population BP mean (K=1),SBP,17.977358,-0.003915,1.377400,22.014777,15.984319,31.902978,47.190143,FAIL*,FAIL (Grade D)*,17.380697,697,103564,population_mean,1,event-pooled diagnostic,numerical screen only; formal compliance not established
20260814,B0 Population BP mean (K=1),DBP,10.198625,-0.000694,-0.346821,13.165570,29.949596,57.974779,77.576185,FAIL*,FAIL (Grade D)*,9.858857,697,103564,population_mean,1,event-pooled diagnostic,numerical screen only; formal compliance not established
20260814,B0 Population BP mean (K=2),SBP,17.977358,-0.003915,1.377400,22.014777,15.984319,31.902978,47.190143,FAIL*,FAIL (Grade D)*,17.380697,697,103564,population_mean,2,event-pooled diagnostic,numerical screen only; formal compliance not established
20260814,B0 Population BP mean (K=2),DBP,10.198625,-0.000694,-0.346821,13.165570,29.949596,57.974779,77.576185,FAIL*,FAIL (Grade D)*,9.858857,697,103564,population_mean,2,event-pooled diagnostic,numerical screen only; formal compliance not established
20260814,B0 Population BP mean (K=3),SBP,17.977358,-0.003915,1.377400,22.014777,15.984319,31.902978,47.190143,FAIL*,FAIL (Grade D)*,17.380697,697,103564,population_mean,3,event-pooled diagnostic,numerical screen only; formal compliance not established
20260814,B0 Population BP mean (K=3),DBP,10.198625,-0.000694,-0.346821,13.165570,29.949596,57.974779,77.576185,FAIL*,FAIL (Grade D)*,9.858857,697,103564,population_mean,3,event-pooled diagnostic,numerical screen only; formal compliance not established
20260814,B0 Population BP mean (K=5),SBP,17.977358,-0.003915,1.377400,22.014777,15.984319,31.902978,47.190143,FAIL*,FAIL (Grade D)*,17.380697,697,103564,population_mean,5,event-pooled diagnostic,numerical screen only; formal compliance not established
20260814,B0 Population BP mean (K=5),DBP,10.198625,-0.000694,-0.346821,13.165570,29.949596,57.974779,77.576185,FAIL*,FAIL (Grade D)*,9.858857,697,103564,population_mean,5,event-pooled diagnostic,numerical screen only; formal compliance not established
20260814,B3 Population PPG network (K=1),SBP,15.444475,0.175134,-2.537549,19.832610,21.438917,41.601329,58.321424,FAIL*,FAIL (Grade D)*,14.771144,697,103564,population,1,event-pooled diagnostic,numerical screen only; formal compliance not established
20260814,B3 Population PPG network (K=1),DBP,9.370036,0.103331,-1.460397,12.380991,34.486887,62.941756,81.581438,FAIL*,FAIL (Grade D)*,8.841284,697,103564,population,1,event-pooled diagnostic,numerical screen only; formal compliance not established
20260814,B3 Population PPG network (K=2),SBP,15.444475,0.175134,-2.537549,19.832610,21.438917,41.601329,58.321424,FAIL*,FAIL (Grade D)*,14.771144,697,103564,population,2,event-pooled diagnostic,numerical screen only; formal compliance not established
20260814,B3 Population PPG network (K=2),DBP,9.370036,0.103331,-1.460397,12.380991,34.486887,62.941756,81.581438,FAIL*,FAIL (Grade D)*,8.841284,697,103564,population,2,event-pooled diagnostic,numerical screen only; formal compliance not established
20260814,B3 Population PPG network (K=3),SBP,15.444475,0.175134,-2.537549,19.832610,21.438917,41.601329,58.321424,FAIL*,FAIL (Grade D)*,14.771144,697,103564,population,3,event-pooled diagnostic,numerical screen only; formal compliance not established
20260814,B3 Population PPG network (K=3),DBP,9.370036,0.103331,-1.460397,12.380991,34.486887,62.941756,81.581438,FAIL*,FAIL (Grade D)*,8.841284,697,103564,population,3,event-pooled diagnostic,numerical screen only; formal compliance not established
20260814,B3 Population PPG network (K=5),SBP,15.444475,0.175134,-2.537549,19.832610,21.438917,41.601329,58.321424,FAIL*,FAIL (Grade D)*,14.771144,697,103564,population,5,event-pooled diagnostic,numerical screen only; formal compliance not established
20260814,B3 Population PPG network (K=5),DBP,9.370036,0.103331,-1.460397,12.380991,34.486887,62.941756,81.581438,FAIL*,FAIL (Grade D)*,8.841284,697,103564,population,5,event-pooled diagnostic,numerical screen only; formal compliance not established
20260814,B1 Last-cuff persistence (K=1),SBP,18.831464,-0.317668,0.197679,25.269931,20.264764,38.195705,52.491213,FAIL*,FAIL (Grade D)*,19.369449,697,103564,last_cuff,1,event-pooled diagnostic,numerical screen only; formal compliance not established
20260814,B1 Last-cuff persistence (K=1),DBP,10.694021,-0.252904,0.593763,14.724675,34.930092,59.223282,75.389131,FAIL*,FAIL (Grade D)*,10.676897,697,103564,last_cuff,1,event-pooled diagnostic,numerical screen only; formal compliance not established
20260814,B1 Last-cuff persistence (K=2),SBP,18.104333,-0.188872,1.058608,23.980546,20.415395,38.686223,53.609362,FAIL*,FAIL (Grade D)*,18.034405,697,103564,last_cuff,2,event-pooled diagnostic,numerical screen only; formal compliance not established
20260814,B1 Last-cuff persistence (K=2),DBP,10.376849,-0.118702,0.572861,13.913263,34.736974,59.513924,76.131667,FAIL*,FAIL (Grade D)*,9.616320,697,103564,last_cuff,2,event-pooled diagnostic,numerical screen only; formal compliance not established
20260814,B1 Last-cuff persistence (K=3),SBP,17.364332,-0.084229,-0.034686,22.923150,21.124136,39.674984,54.831795,FAIL*,FAIL (Grade D)*,16.855551,697,103564,last_cuff,3,event-pooled diagnostic,numerical screen only; formal compliance not established
20260814,B1 Last-cuff persistence (K=3),DBP,9.958043,-0.053908,0.325954,13.511844,36.671044,61.846781,77.681434,FAIL*,FAIL (Grade D)*,9.130924,697,103564,last_cuff,3,event-pooled diagnostic,numerical screen only; formal compliance not established
20260814,B1 Last-cuff persistence (K=5),SBP,17.139782,-0.076769,-0.690510,22.833743,22.469198,41.104052,56.250241,FAIL*,FAIL (Grade D)*,16.418218,697,103564,last_cuff,5,event-pooled diagnostic,numerical screen only; formal compliance not established
20260814,B1 Last-cuff persistence (K=5),DBP,9.967192,-0.054651,0.013503,13.520537,36.669113,61.533931,77.162914,FAIL*,FAIL (Grade D)*,9.047688,697,103564,last_cuff,5,event-pooled diagnostic,numerical screen only; formal compliance not established
20260814,B2 Support-BP mean (K=1),SBP,18.831464,-0.317668,0.197679,25.269931,20.264764,38.195705,52.491213,FAIL*,FAIL (Grade D)*,19.369449,697,103564,support_mean,1,event-pooled diagnostic,numerical screen only; formal compliance not established
20260814,B2 Support-BP mean (K=1),DBP,10.694021,-0.252904,0.593763,14.724675,34.930092,59.223282,75.389131,FAIL*,FAIL (Grade D)*,10.676897,697,103564,support_mean,1,event-pooled diagnostic,numerical screen only; formal compliance not established
20260814,B2 Support-BP mean (K=2),SBP,17.815870,-0.160980,0.628144,23.712336,21.036267,39.583253,54.543084,FAIL*,FAIL (Grade D)*,17.636259,697,103564,support_mean,2,event-pooled diagnostic,numerical screen only; formal compliance not established
20260814,B2 Support-BP mean (K=2),DBP,10.119607,-0.080558,0.583312,13.673158,36.094589,60.828087,76.935035,FAIL*,FAIL (Grade D)*,9.503751,697,103564,support_mean,2,event-pooled diagnostic,numerical screen only; formal compliance not established
20260814,B2 Support-BP mean (K=3),SBP,17.165935,-0.070764,0.407200,22.776752,21.786528,40.778649,55.640956,FAIL*,FAIL (Grade D)*,16.603542,697,103564,support_mean,3,event-pooled diagnostic,numerical screen only; formal compliance not established
20260814,B2 Support-BP mean (K=3),DBP,9.772298,-0.009294,0.497526,13.217246,37.243637,62.276467,78.226990,FAIL*,FAIL (Grade D)*,8.906004,697,103564,support_mean,3,event-pooled diagnostic,numerical screen only; formal compliance not established
20260814,B2 Support-BP mean (K=5),SBP,16.487172,0.011048,-0.030519,21.892804,22.783013,42.216407,57.202310,FAIL*,FAIL (Grade D)*,15.502776,697,103564,support_mean,5,event-pooled diagnostic,numerical screen only; formal compliance not established
20260814,B2 Support-BP mean (K=5),DBP,9.412464,0.048866,0.268849,12.837054,38.690085,64.315785,79.714959,FAIL*,FAIL (Grade D)*,8.393494,697,103564,support_mean,5,event-pooled diagnostic,numerical screen only; formal compliance not established
20260814,B4 Residual-offset correction (K=1),SBP,16.826165,-0.012294,1.407049,22.104953,21.147310,40.405933,56.066780,FAIL*,FAIL (Grade D)*,15.976648,697,103564,residual_offset,1,event-pooled diagnostic,numerical screen only; formal compliance not established
20260814,B4 Residual-offset correction (K=1),DBP,9.527048,0.034572,0.342134,12.931461,36.146731,63.552972,80.689236,FAIL*,FAIL (Grade D)*,8.942434,697,103564,residual_offset,1,event-pooled diagnostic,numerical screen only; formal compliance not established
20260814,B4 Residual-offset correction (K=2),SBP,15.812241,0.100922,1.937085,20.784280,22.664246,43.379939,59.228110,FAIL*,FAIL (Grade D)*,14.558704,697,103564,residual_offset,2,event-pooled diagnostic,numerical screen only; formal compliance not established
20260814,B4 Residual-offset correction (K=2),DBP,9.087794,0.130538,0.481511,12.266783,38.042177,65.252404,81.834421,FAIL*,FAIL (Grade D)*,8.150489,697,103564,residual_offset,2,event-pooled diagnostic,numerical screen only; formal compliance not established
20260814,B4 Residual-offset correction (K=3),SBP,15.269489,0.161786,1.866909,20.068772,23.189525,44.255726,60.399367,FAIL*,FAIL (Grade D)*,13.929303,697,103564,residual_offset,3,event-pooled diagnostic,numerical screen only; formal compliance not established
20260814,B4 Residual-offset correction (K=3),DBP,8.669367,0.206117,0.410452,11.723353,39.622842,67.355452,83.606272,FAIL*,FAIL (Grade D)*,7.739057,697,103564,residual_offset,3,event-pooled diagnostic,numerical screen only; formal compliance not established
20260814,B4 Residual-offset correction (K=5),SBP,14.575365,0.228127,1.543585,19.279673,24.551002,46.069097,62.399096,FAIL*,FAIL (Grade D)*,13.032187,697,103564,residual_offset,5,event-pooled diagnostic,numerical screen only; formal compliance not established
20260814,B4 Residual-offset correction (K=5),DBP,8.262338,0.266652,0.332621,11.269526,41.618709,69.696999,85.151211,FAIL*,FAIL (Grade C)*,7.249559,697,103564,residual_offset,5,event-pooled diagnostic,numerical screen only; formal compliance not established
20260814,B6 Head-only adaptation (K=1),SBP,14.575389,0.265418,-0.221394,18.867071,23.518790,44.115716,60.872504,FAIL*,FAIL (Grade D)*,13.981534,697,103564,head,1,event-pooled diagnostic,numerical screen only; formal compliance not established
20260814,B6 Head-only adaptation (K=1),DBP,8.243403,0.298417,-0.459122,11.017990,39.849755,69.071299,85.861883,FAIL*,FAIL (Grade D)*,7.935729,697,103564,head,1,event-pooled diagnostic,numerical screen only; formal compliance not established
20260814,B6 Head-only adaptation (K=2),SBP,14.389914,0.281402,0.630861,18.651294,23.767912,44.743347,61.453787,FAIL*,FAIL (Grade D)*,13.544054,697,103564,head,2,event-pooled diagnostic,numerical screen only; formal compliance not established
20260814,B6 Head-only adaptation (K=2),DBP,8.179741,0.307666,-0.009189,10.954622,40.120119,69.446912,86.155421,FAIL*,FAIL (Grade C)*,7.635334,697,103564,head,2,event-pooled diagnostic,numerical screen only; formal compliance not established
20260814,B6 Head-only adaptation (K=3),SBP,14.092309,0.307857,0.645282,18.303852,24.214978,45.560233,62.468618,FAIL*,FAIL (Grade D)*,13.185181,697,103564,head,3,event-pooled diagnostic,numerical screen only; formal compliance not established
20260814,B6 Head-only adaptation (K=3),DBP,8.011138,0.329988,0.034118,10.776523,41.163918,70.511954,86.863196,FAIL*,FAIL (Grade C)*,7.398486,697,103564,head,3,event-pooled diagnostic,numerical screen only; formal compliance not established
20260814,B6 Head-only adaptation (K=5),SBP,13.529795,0.349827,0.622505,17.740318,25.750261,47.738596,64.907690,FAIL*,FAIL (Grade D)*,12.440928,697,103564,head,5,event-pooled diagnostic,numerical screen only; formal compliance not established
20260814,B6 Head-only adaptation (K=5),DBP,7.810148,0.355271,-0.036290,10.571231,42.305241,71.886949,87.639527,FAIL*,FAIL (Grade C)*,7.072021,697,103564,head,5,event-pooled diagnostic,numerical screen only; formal compliance not established
20260814,B7 Full-network adaptation (K=1),SBP,18.741235,-0.303675,0.177648,25.135538,20.365185,38.241088,52.506663,FAIL*,FAIL (Grade D)*,19.256341,697,103564,full,1,event-pooled diagnostic,numerical screen only; formal compliance not established
20260814,B7 Full-network adaptation (K=1),DBP,10.699778,-0.251144,0.530467,14.716732,34.793944,59.379707,75.444170,FAIL*,FAIL (Grade D)*,10.689336,697,103564,full,1,event-pooled diagnostic,numerical screen only; formal compliance not established
20260814,B7 Full-network adaptation (K=2),SBP,17.550763,-0.125723,0.472595,23.352921,21.411881,40.130740,55.019119,FAIL*,FAIL (Grade D)*,17.122103,697,103564,full,2,event-pooled diagnostic,numerical screen only; formal compliance not established
20260814,B7 Full-network adaptation (K=2),DBP,10.005704,-0.051176,0.430928,13.491369,36.190182,61.141903,77.352169,FAIL*,FAIL (Grade D)*,9.236093,697,103564,full,2,event-pooled diagnostic,numerical screen only; formal compliance not established
20260814,B7 Full-network adaptation (K=3),SBP,16.993838,-0.048541,0.446384,22.538338,21.763354,40.773821,55.702754,FAIL*,FAIL (Grade D)*,15.960305,697,103564,full,3,event-pooled diagnostic,numerical screen only; formal compliance not established
20260814,B7 Full-network adaptation (K=3),DBP,9.651784,0.015647,0.449285,13.054435,37.344058,62.925341,78.872002,FAIL*,FAIL (Grade D)*,8.559789,697,103564,full,3,event-pooled diagnostic,numerical screen only; formal compliance not established
20260814,B7 Full-network adaptation (K=5),SBP,16.281509,0.025755,-0.100767,21.729204,23.352709,42.994670,58.080028,FAIL*,FAIL (Grade D)*,15.030284,697,103564,full,5,event-pooled diagnostic,numerical screen only; formal compliance not established
20260814,B7 Full-network adaptation (K=5),DBP,9.329067,0.059190,0.213499,12.768209,39.304198,64.703951,79.830829,FAIL*,FAIL (Grade D)*,8.216254,697,103564,full,5,event-pooled diagnostic,numerical screen only; formal compliance not established
20260814,B8 LoRA adaptation (K=1),SBP,14.229312,0.303097,-1.672115,18.301866,23.653972,44.750106,61.686493,FAIL*,FAIL (Grade D)*,13.574118,697,103564,lora,1,event-pooled diagnostic,numerical screen only; formal compliance not established
20260814,B8 LoRA adaptation (K=1),DBP,8.139427,0.302338,-1.165459,10.934758,40.173226,70.382565,86.336951,FAIL*,FAIL (Grade C)*,7.715137,697,103564,lora,1,event-pooled diagnostic,numerical screen only; formal compliance not established
20260814,B8 LoRA adaptation (K=2),SBP,13.916664,0.327953,-1.001406,18.019575,24.099108,46.083581,63.156116,FAIL*,FAIL (Grade D)*,13.092186,697,103564,lora,2,event-pooled diagnostic,numerical screen only; formal compliance not established
20260814,B8 LoRA adaptation (K=2),DBP,8.060583,0.309621,-0.971140,10.895954,40.865552,70.802595,86.702908,FAIL*,FAIL (Grade C)*,7.491733,697,103564,lora,2,event-pooled diagnostic,numerical screen only; formal compliance not established
20260814,B8 LoRA adaptation (K=3),SBP,13.772599,0.338718,-0.944924,17.877299,24.529759,46.613688,63.670774,FAIL*,FAIL (Grade D)*,12.906589,697,103564,lora,3,event-pooled diagnostic,numerical screen only; formal compliance not established
20260814,B8 LoRA adaptation (K=3),DBP,7.894592,0.332199,-0.848176,10.725299,41.906454,71.867637,87.514967,FAIL*,FAIL (Grade C)*,7.338809,697,103564,lora,3,event-pooled diagnostic,numerical screen only; formal compliance not established
20260814,B8 LoRA adaptation (K=5),SBP,13.470073,0.359304,-0.880311,17.599399,25.526245,47.924955,64.882585,FAIL*,FAIL (Grade D)*,12.456050,697,103564,lora,5,event-pooled diagnostic,numerical screen only; formal compliance not established
20260814,B8 LoRA adaptation (K=5),DBP,7.735576,0.350315,-0.761217,10.584510,43.134680,72.907574,87.756363,FAIL*,FAIL (Grade C)*,7.106829,697,103564,lora,5,event-pooled diagnostic,numerical screen only; formal compliance not established
20260814,M0 Variable-K residual anchor (K=1),SBP,13.691147,0.322242,1.033573,18.094399,25.970414,48.233942,64.660500,FAIL*,FAIL (Grade D)*,12.971500,697,103564,m0,1,event-pooled diagnostic,numerical screen only; formal compliance not established
20260814,M0 Variable-K residual anchor (K=1),DBP,8.072134,0.306126,1.180372,10.903093,42.166197,70.658723,85.693870,FAIL*,FAIL (Grade C)*,7.362333,697,103564,m0,1,event-pooled diagnostic,numerical screen only; formal compliance not established
20260814,M0 Variable-K residual anchor (K=2),SBP,13.201398,0.364043,1.475387,17.494006,27.179329,49.940134,66.290410,FAIL*,FAIL (Grade D)*,12.368640,697,103564,m0,2,event-pooled diagnostic,numerical screen only; formal compliance not established
20260814,M0 Variable-K residual anchor (K=2),DBP,7.881139,0.326878,1.137799,10.741466,43.812522,71.771079,86.551311,FAIL*,FAIL (Grade C)*,6.940721,697,103564,m0,2,event-pooled diagnostic,numerical screen only; formal compliance not established
20260814,M0 Variable-K residual anchor (K=3),SBP,13.016378,0.382628,1.382261,17.242361,27.107875,50.280020,67.017496,FAIL*,FAIL (Grade D)*,12.045057,697,103564,m0,3,event-pooled diagnostic,numerical screen only; formal compliance not established
20260814,M0 Variable-K residual anchor (K=3),DBP,7.770367,0.343740,1.110923,10.607397,44.428566,72.148623,86.962651,FAIL*,FAIL (Grade C)*,6.716349,697,103564,m0,3,event-pooled diagnostic,numerical screen only; formal compliance not established
20260814,M0 Variable-K residual anchor (K=5),SBP,12.608388,0.411367,1.056783,16.857170,28.692403,51.943726,68.558572,FAIL*,FAIL (Grade D)*,11.425939,697,103564,m0,5,event-pooled diagnostic,numerical screen only; formal compliance not established
20260814,M0 Variable-K residual anchor (K=5),DBP,7.503983,0.377163,0.952904,10.346481,46.249662,73.734116,87.661736,FAIL*,FAIL (Grade C)*,6.385903,697,103564,m0,5,event-pooled diagnostic,numerical screen only; formal compliance not established
20260814,M1 M0 + FiLM (K=1),SBP,13.903416,0.309536,-0.200861,18.291897,25.150631,46.968058,63.932448,FAIL*,FAIL (Grade D)*,13.006780,697,103564,m1,1,event-pooled diagnostic,numerical screen only; formal compliance not established
20260814,M1 M0 + FiLM (K=1),DBP,8.189727,0.282301,0.356504,11.147789,41.699818,70.021436,85.501719,FAIL*,FAIL (Grade C)*,7.431106,697,103564,m1,1,event-pooled diagnostic,numerical screen only; formal compliance not established
20260814,M1 M0 + FiLM (K=2),SBP,13.080443,0.377191,0.254761,17.371811,27.193813,49.934340,66.722027,FAIL*,FAIL (Grade D)*,12.159117,697,103564,m1,2,event-pooled diagnostic,numerical screen only; formal compliance not established
20260814,M1 M0 + FiLM (K=2),DBP,7.902035,0.322666,0.358999,10.829352,43.271793,71.867637,86.344676,FAIL*,FAIL (Grade C)*,6.955249,697,103564,m1,2,event-pooled diagnostic,numerical screen only; formal compliance not established
20260814,M1 M0 + FiLM (K=3),SBP,12.801435,0.401035,0.193753,17.036760,27.733575,50.988761,67.820864,FAIL*,FAIL (Grade D)*,11.790728,697,103564,m1,3,event-pooled diagnostic,numerical screen only; formal compliance not established
20260814,M1 M0 + FiLM (K=3),DBP,7.736546,0.348694,0.335643,10.619778,44.055850,72.775289,87.117145,FAIL*,FAIL (Grade C)*,6.710284,697,103564,m1,3,event-pooled diagnostic,numerical screen only; formal compliance not established
20260814,M1 M0 + FiLM (K=5),SBP,12.447381,0.426595,-0.109620,16.670006,28.821791,52.355065,69.328145,FAIL*,FAIL (Grade D)*,11.255690,697,103564,m1,5,event-pooled diagnostic,numerical screen only; formal compliance not established
20260814,M1 M0 + FiLM (K=5),DBP,7.451548,0.385885,0.195421,10.315413,45.939709,74.119385,87.926306,FAIL*,FAIL (Grade C)*,6.363063,697,103564,m1,5,event-pooled diagnostic,numerical screen only; formal compliance not established
20260814,M2 M1 + reliability weighting (K=1),SBP,14.022855,0.293396,-0.107405,18.505257,25.085937,46.906261,63.852304,FAIL*,FAIL (Grade D)*,13.155858,697,103564,m2,1,event-pooled diagnostic,numerical screen only; formal compliance not established
20260814,M2 M1 + reliability weighting (K=1),DBP,8.222329,0.281623,0.508517,11.147164,41.272064,69.774246,85.288324,FAIL*,FAIL (Grade C)*,7.439144,697,103564,m2,1,event-pooled diagnostic,numerical screen only; formal compliance not established
20260814,M2 M1 + reliability weighting (K=2),SBP,13.481401,0.335010,0.273345,17.950293,26.591287,49.230428,65.726507,FAIL*,FAIL (Grade D)*,12.536395,697,103564,m2,2,event-pooled diagnostic,numerical screen only; formal compliance not established
20260814,M2 M1 + reliability weighting (K=2),DBP,7.957710,0.313538,0.464200,10.898189,42.739755,71.739214,86.388127,FAIL*,FAIL (Grade C)*,6.949807,697,103564,m2,2,event-pooled diagnostic,numerical screen only; formal compliance not established
20260814,M2 M1 + reliability weighting (K=3),SBP,13.109753,0.369049,0.206775,17.485654,27.437140,50.493415,66.752926,FAIL*,FAIL (Grade D)*,12.158992,697,103564,m2,3,event-pooled diagnostic,numerical screen only; formal compliance not established
20260814,M2 M1 + reliability weighting (K=3),DBP,7.782531,0.342571,0.362039,10.668769,43.652234,72.514580,86.867058,FAIL*,FAIL (Grade C)*,6.730469,697,103564,m2,3,event-pooled diagnostic,numerical screen only; formal compliance not established
20260814,M2 M1 + reliability weighting (K=5),SBP,12.723215,0.399059,0.144983,17.065331,28.575567,51.551698,68.320073,FAIL*,FAIL (Grade D)*,11.457642,697,103564,m2,5,event-pooled diagnostic,numerical screen only; formal compliance not established
20260814,M2 M1 + reliability weighting (K=5),DBP,7.557524,0.370241,0.303728,10.443429,45.471399,73.735082,87.442548,FAIL*,FAIL (Grade C)*,6.402032,697,103564,m2,5,event-pooled diagnostic,numerical screen only; formal compliance not established
20260815,B0 Population BP mean (K=1),SBP,17.977358,-0.003915,1.377400,22.014777,15.984319,31.902978,47.190143,FAIL*,FAIL (Grade D)*,17.380697,697,103564,population_mean,1,event-pooled diagnostic,numerical screen only; formal compliance not established
20260815,B0 Population BP mean (K=1),DBP,10.198625,-0.000694,-0.346821,13.165570,29.949596,57.974779,77.576185,FAIL*,FAIL (Grade D)*,9.858857,697,103564,population_mean,1,event-pooled diagnostic,numerical screen only; formal compliance not established
20260815,B0 Population BP mean (K=2),SBP,17.977358,-0.003915,1.377400,22.014777,15.984319,31.902978,47.190143,FAIL*,FAIL (Grade D)*,17.380697,697,103564,population_mean,2,event-pooled diagnostic,numerical screen only; formal compliance not established
20260815,B0 Population BP mean (K=2),DBP,10.198625,-0.000694,-0.346821,13.165570,29.949596,57.974779,77.576185,FAIL*,FAIL (Grade D)*,9.858857,697,103564,population_mean,2,event-pooled diagnostic,numerical screen only; formal compliance not established
20260815,B0 Population BP mean (K=3),SBP,17.977358,-0.003915,1.377400,22.014777,15.984319,31.902978,47.190143,FAIL*,FAIL (Grade D)*,17.380697,697,103564,population_mean,3,event-pooled diagnostic,numerical screen only; formal compliance not established
20260815,B0 Population BP mean (K=3),DBP,10.198625,-0.000694,-0.346821,13.165570,29.949596,57.974779,77.576185,FAIL*,FAIL (Grade D)*,9.858857,697,103564,population_mean,3,event-pooled diagnostic,numerical screen only; formal compliance not established
20260815,B0 Population BP mean (K=5),SBP,17.977358,-0.003915,1.377400,22.014777,15.984319,31.902978,47.190143,FAIL*,FAIL (Grade D)*,17.380697,697,103564,population_mean,5,event-pooled diagnostic,numerical screen only; formal compliance not established
20260815,B0 Population BP mean (K=5),DBP,10.198625,-0.000694,-0.346821,13.165570,29.949596,57.974779,77.576185,FAIL*,FAIL (Grade D)*,9.858857,697,103564,population_mean,5,event-pooled diagnostic,numerical screen only; formal compliance not established
20260815,B3 Population PPG network (K=1),SBP,15.284412,0.198196,-1.193330,19.676645,21.356842,41.550153,58.753042,FAIL*,FAIL (Grade D)*,14.689682,697,103564,population,1,event-pooled diagnostic,numerical screen only; formal compliance not established
20260815,B3 Population PPG network (K=1),DBP,9.277607,0.150986,-0.057456,12.130881,33.533853,62.842300,82.108648,FAIL*,FAIL (Grade D)*,8.774858,697,103564,population,1,event-pooled diagnostic,numerical screen only; formal compliance not established
20260815,B3 Population PPG network (K=2),SBP,15.284412,0.198196,-1.193330,19.676645,21.356842,41.550153,58.753042,FAIL*,FAIL (Grade D)*,14.689682,697,103564,population,2,event-pooled diagnostic,numerical screen only; formal compliance not established
20260815,B3 Population PPG network (K=2),DBP,9.277607,0.150986,-0.057456,12.130881,33.533853,62.842300,82.108648,FAIL*,FAIL (Grade D)*,8.774858,697,103564,population,2,event-pooled diagnostic,numerical screen only; formal compliance not established
20260815,B3 Population PPG network (K=3),SBP,15.284412,0.198196,-1.193330,19.676645,21.356842,41.550153,58.753042,FAIL*,FAIL (Grade D)*,14.689682,697,103564,population,3,event-pooled diagnostic,numerical screen only; formal compliance not established
20260815,B3 Population PPG network (K=3),DBP,9.277607,0.150986,-0.057456,12.130881,33.533853,62.842300,82.108648,FAIL*,FAIL (Grade D)*,8.774858,697,103564,population,3,event-pooled diagnostic,numerical screen only; formal compliance not established
20260815,B3 Population PPG network (K=5),SBP,15.284412,0.198196,-1.193330,19.676645,21.356842,41.550153,58.753042,FAIL*,FAIL (Grade D)*,14.689682,697,103564,population,5,event-pooled diagnostic,numerical screen only; formal compliance not established
20260815,B3 Population PPG network (K=5),DBP,9.277607,0.150986,-0.057456,12.130881,33.533853,62.842300,82.108648,FAIL*,FAIL (Grade D)*,8.774858,697,103564,population,5,event-pooled diagnostic,numerical screen only; formal compliance not established
20260815,B1 Last-cuff persistence (K=1),SBP,18.831464,-0.317668,0.197679,25.269931,20.264764,38.195705,52.491213,FAIL*,FAIL (Grade D)*,19.369449,697,103564,last_cuff,1,event-pooled diagnostic,numerical screen only; formal compliance not established
20260815,B1 Last-cuff persistence (K=1),DBP,10.694021,-0.252904,0.593763,14.724675,34.930092,59.223282,75.389131,FAIL*,FAIL (Grade D)*,10.676897,697,103564,last_cuff,1,event-pooled diagnostic,numerical screen only; formal compliance not established
20260815,B1 Last-cuff persistence (K=2),SBP,18.104333,-0.188872,1.058608,23.980546,20.415395,38.686223,53.609362,FAIL*,FAIL (Grade D)*,18.034405,697,103564,last_cuff,2,event-pooled diagnostic,numerical screen only; formal compliance not established
20260815,B1 Last-cuff persistence (K=2),DBP,10.376849,-0.118702,0.572861,13.913263,34.736974,59.513924,76.131667,FAIL*,FAIL (Grade D)*,9.616320,697,103564,last_cuff,2,event-pooled diagnostic,numerical screen only; formal compliance not established
20260815,B1 Last-cuff persistence (K=3),SBP,17.364332,-0.084229,-0.034686,22.923150,21.124136,39.674984,54.831795,FAIL*,FAIL (Grade D)*,16.855551,697,103564,last_cuff,3,event-pooled diagnostic,numerical screen only; formal compliance not established
20260815,B1 Last-cuff persistence (K=3),DBP,9.958043,-0.053908,0.325954,13.511844,36.671044,61.846781,77.681434,FAIL*,FAIL (Grade D)*,9.130924,697,103564,last_cuff,3,event-pooled diagnostic,numerical screen only; formal compliance not established
20260815,B1 Last-cuff persistence (K=5),SBP,17.139782,-0.076769,-0.690510,22.833743,22.469198,41.104052,56.250241,FAIL*,FAIL (Grade D)*,16.418218,697,103564,last_cuff,5,event-pooled diagnostic,numerical screen only; formal compliance not established
20260815,B1 Last-cuff persistence (K=5),DBP,9.967192,-0.054651,0.013503,13.520537,36.669113,61.533931,77.162914,FAIL*,FAIL (Grade D)*,9.047688,697,103564,last_cuff,5,event-pooled diagnostic,numerical screen only; formal compliance not established
20260815,B2 Support-BP mean (K=1),SBP,18.831464,-0.317668,0.197679,25.269931,20.264764,38.195705,52.491213,FAIL*,FAIL (Grade D)*,19.369449,697,103564,support_mean,1,event-pooled diagnostic,numerical screen only; formal compliance not established
20260815,B2 Support-BP mean (K=1),DBP,10.694021,-0.252904,0.593763,14.724675,34.930092,59.223282,75.389131,FAIL*,FAIL (Grade D)*,10.676897,697,103564,support_mean,1,event-pooled diagnostic,numerical screen only; formal compliance not established
20260815,B2 Support-BP mean (K=2),SBP,17.815870,-0.160980,0.628144,23.712336,21.036267,39.583253,54.543084,FAIL*,FAIL (Grade D)*,17.636259,697,103564,support_mean,2,event-pooled diagnostic,numerical screen only; formal compliance not established
20260815,B2 Support-BP mean (K=2),DBP,10.119607,-0.080558,0.583312,13.673158,36.094589,60.828087,76.935035,FAIL*,FAIL (Grade D)*,9.503751,697,103564,support_mean,2,event-pooled diagnostic,numerical screen only; formal compliance not established
20260815,B2 Support-BP mean (K=3),SBP,17.165935,-0.070764,0.407200,22.776752,21.786528,40.778649,55.640956,FAIL*,FAIL (Grade D)*,16.603542,697,103564,support_mean,3,event-pooled diagnostic,numerical screen only; formal compliance not established
20260815,B2 Support-BP mean (K=3),DBP,9.772298,-0.009294,0.497526,13.217246,37.243637,62.276467,78.226990,FAIL*,FAIL (Grade D)*,8.906004,697,103564,support_mean,3,event-pooled diagnostic,numerical screen only; formal compliance not established
20260815,B2 Support-BP mean (K=5),SBP,16.487172,0.011048,-0.030519,21.892804,22.783013,42.216407,57.202310,FAIL*,FAIL (Grade D)*,15.502776,697,103564,support_mean,5,event-pooled diagnostic,numerical screen only; formal compliance not established
20260815,B2 Support-BP mean (K=5),DBP,9.412464,0.048866,0.268849,12.837054,38.690085,64.315785,79.714959,FAIL*,FAIL (Grade D)*,8.393494,697,103564,support_mean,5,event-pooled diagnostic,numerical screen only; formal compliance not established
20260815,B4 Residual-offset correction (K=1),SBP,16.612047,0.010482,1.477483,21.849197,21.307597,40.582635,56.499363,FAIL*,FAIL (Grade D)*,16.033978,697,103564,residual_offset,1,event-pooled diagnostic,numerical screen only; formal compliance not established
20260815,B4 Residual-offset correction (K=1),DBP,9.436746,0.042626,0.517155,12.871534,37.657873,63.705535,80.164922,FAIL*,FAIL (Grade D)*,8.865766,697,103564,residual_offset,1,event-pooled diagnostic,numerical screen only; formal compliance not established
20260815,B4 Residual-offset correction (K=2),SBP,15.574553,0.127849,2.168931,20.444660,23.010892,43.324901,59.543857,FAIL*,FAIL (Grade D)*,14.637072,697,103564,residual_offset,2,event-pooled diagnostic,numerical screen only; formal compliance not established
20260815,B4 Residual-offset correction (K=2),DBP,8.912264,0.157496,0.653304,12.066744,39.681743,66.247924,81.688618,FAIL*,FAIL (Grade D)*,8.071442,697,103564,residual_offset,2,event-pooled diagnostic,numerical screen only; formal compliance not established
20260815,B4 Residual-offset correction (K=3),SBP,14.929554,0.193222,2.111588,19.660787,24.074003,44.902669,61.240392,FAIL*,FAIL (Grade D)*,13.869969,697,103564,residual_offset,3,event-pooled diagnostic,numerical screen only; formal compliance not established
20260815,B4 Residual-offset correction (K=3),DBP,8.507203,0.233418,0.609662,11.510938,40.944730,67.968599,83.387084,FAIL*,FAIL (Grade D)*,7.637409,697,103564,residual_offset,3,event-pooled diagnostic,numerical screen only; formal compliance not established
20260815,B4 Residual-offset correction (K=5),SBP,14.375116,0.247008,1.774040,19.020800,24.732533,46.316288,63.144529,FAIL*,FAIL (Grade D)*,13.022745,697,103564,residual_offset,5,event-pooled diagnostic,numerical screen only; formal compliance not established
20260815,B4 Residual-offset correction (K=5),DBP,8.124615,0.293202,0.510637,11.056678,42.766792,69.980881,85.024719,FAIL*,FAIL (Grade C)*,7.168618,697,103564,residual_offset,5,event-pooled diagnostic,numerical screen only; formal compliance not established
20260815,B6 Head-only adaptation (K=1),SBP,14.673519,0.257494,0.058008,18.969776,23.061102,43.911977,60.379089,FAIL*,FAIL (Grade D)*,14.197100,697,103564,head,1,event-pooled diagnostic,numerical screen only; formal compliance not established
20260815,B6 Head-only adaptation (K=1),DBP,8.226903,0.302153,0.043848,10.998068,40.319030,68.896528,85.494960,FAIL*,FAIL (Grade C)*,7.840490,697,103564,head,1,event-pooled diagnostic,numerical screen only; formal compliance not established
20260815,B6 Head-only adaptation (K=2),SBP,14.210647,0.293470,0.742441,18.489692,23.941717,45.520644,62.378819,FAIL*,FAIL (Grade D)*,13.486395,697,103564,head,2,event-pooled diagnostic,numerical screen only; formal compliance not established
20260815,B6 Head-only adaptation (K=2),DBP,8.092542,0.320283,0.299349,10.850217,41.222819,69.792592,85.850295,FAIL*,FAIL (Grade C)*,7.587841,697,103564,head,2,event-pooled diagnostic,numerical screen only; formal compliance not established
20260815,B6 Head-only adaptation (K=3),SBP,13.900683,0.318690,0.649186,18.159726,24.801089,46.465953,63.362752,FAIL*,FAIL (Grade D)*,13.005330,697,103564,head,3,event-pooled diagnostic,numerical screen only; formal compliance not established
20260815,B6 Head-only adaptation (K=3),DBP,7.896975,0.344537,0.295206,10.654844,42.550500,71.190761,86.577382,FAIL*,FAIL (Grade C)*,7.287002,697,103564,head,3,event-pooled diagnostic,numerical screen only; formal compliance not established
20260815,B6 Head-only adaptation (K=5),SBP,13.498755,0.347999,0.527393,17.768352,25.918273,48.202078,64.972384,FAIL*,FAIL (Grade D)*,12.342683,697,103564,head,5,event-pooled diagnostic,numerical screen only; formal compliance not established
20260815,B6 Head-only adaptation (K=5),DBP,7.765553,0.365397,0.291725,10.483896,42.824727,71.821289,87.186667,FAIL*,FAIL (Grade C)*,6.964369,697,103564,head,5,event-pooled diagnostic,numerical screen only; formal compliance not established
20260815,B7 Full-network adaptation (K=1),SBP,18.798158,-0.313181,0.248175,25.226416,20.414430,38.353096,52.504731,FAIL*,FAIL (Grade D)*,19.348116,697,103564,full,1,event-pooled diagnostic,numerical screen only; formal compliance not established
20260815,B7 Full-network adaptation (K=1),DBP,10.735917,-0.260165,0.638079,14.765504,34.947472,58.953884,75.158356,FAIL*,FAIL (Grade D)*,10.707356,697,103564,full,1,event-pooled diagnostic,numerical screen only; formal compliance not established
20260815,B7 Full-network adaptation (K=2),SBP,17.942907,-0.167039,0.571219,23.775605,20.580511,39.044456,53.873933,FAIL*,FAIL (Grade D)*,17.326616,697,103564,full,2,event-pooled diagnostic,numerical screen only; formal compliance not established
20260815,B7 Full-network adaptation (K=2),DBP,10.115201,-0.076359,0.489911,13.650189,35.894712,60.660075,76.964003,FAIL*,FAIL (Grade D)*,9.303433,697,103564,full,2,event-pooled diagnostic,numerical screen only; formal compliance not established
20260815,B7 Full-network adaptation (K=3),SBP,17.162822,-0.066465,0.194441,22.733780,21.457263,40.384690,55.495153,FAIL*,FAIL (Grade D)*,16.236392,697,103564,full,3,event-pooled diagnostic,numerical screen only; formal compliance not established
20260815,B7 Full-network adaptation (K=3),DBP,9.694264,0.007124,0.348025,13.113976,37.214669,62.670426,78.794755,FAIL*,FAIL (Grade D)*,8.699083,697,103564,full,3,event-pooled diagnostic,numerical screen only; formal compliance not established
20260815,B7 Full-network adaptation (K=5),SBP,16.504872,0.005642,0.168506,21.951936,22.757908,42.348693,57.395427,FAIL*,FAIL (Grade D)*,15.251419,697,103564,full,5,event-pooled diagnostic,numerical screen only; formal compliance not established
20260815,B7 Full-network adaptation (K=5),DBP,9.340132,0.057644,0.274875,12.777526,39.165154,64.582287,80.041327,FAIL*,FAIL (Grade D)*,8.209221,697,103564,full,5,event-pooled diagnostic,numerical screen only; formal compliance not established
20260815,B8 LoRA adaptation (K=1),SBP,13.981055,0.327323,-1.004502,18.027875,23.812329,45.839288,62.506276,FAIL*,FAIL (Grade D)*,13.550488,697,103564,lora,1,event-pooled diagnostic,numerical screen only; formal compliance not established
20260815,B8 LoRA adaptation (K=1),DBP,8.046130,0.326295,-0.348416,10.800621,40.836584,69.841837,86.584141,FAIL*,FAIL (Grade C)*,7.587182,697,103564,lora,1,event-pooled diagnostic,numerical screen only; formal compliance not established
20260815,B8 LoRA adaptation (K=2),SBP,13.634975,0.353401,-0.517684,17.694809,24.685219,47.162141,63.849407,FAIL*,FAIL (Grade D)*,13.007077,697,103564,lora,2,event-pooled diagnostic,numerical screen only; formal compliance not established
20260815,B8 LoRA adaptation (K=2),DBP,7.900326,0.346193,-0.230958,10.642951,41.524082,70.993782,86.815882,FAIL*,FAIL (Grade C)*,7.395438,697,103564,lora,2,event-pooled diagnostic,numerical screen only; formal compliance not established
20260815,B8 LoRA adaptation (K=3),SBP,13.436250,0.368330,-0.449264,17.491064,25.425824,47.959716,64.591943,FAIL*,FAIL (Grade D)*,12.781410,697,103564,lora,3,event-pooled diagnostic,numerical screen only; formal compliance not established
20260815,B8 LoRA adaptation (K=3),DBP,7.791727,0.360699,-0.135884,10.525825,42.286895,71.724731,87.183770,FAIL*,FAIL (Grade C)*,7.247477,697,103564,lora,3,event-pooled diagnostic,numerical screen only; formal compliance not established
20260815,B8 LoRA adaptation (K=5),SBP,13.193345,0.386555,-0.393325,17.238082,25.695222,48.843227,65.652157,FAIL*,FAIL (Grade D)*,12.381995,697,103564,lora,5,event-pooled diagnostic,numerical screen only; formal compliance not established
20260815,B8 LoRA adaptation (K=5),DBP,7.674790,0.372712,-0.070370,10.427090,43.265034,72.539686,87.513035,FAIL*,FAIL (Grade C)*,7.028815,697,103564,lora,5,event-pooled diagnostic,numerical screen only; formal compliance not established
20260815,M0 Variable-K residual anchor (K=1),SBP,13.771319,0.316140,1.640426,18.131243,25.787919,47.801360,64.570700,FAIL*,FAIL (Grade D)*,13.074850,697,103564,m0,1,event-pooled diagnostic,numerical screen only; formal compliance not established
20260815,M0 Variable-K residual anchor (K=1),DBP,8.042373,0.304625,0.984592,10.934417,42.807346,70.295663,85.793326,FAIL*,FAIL (Grade C)*,7.322194,697,103564,m0,1,event-pooled diagnostic,numerical screen only; formal compliance not established
20260815,M0 Variable-K residual anchor (K=2),SBP,13.240641,0.361098,2.259023,17.451093,26.786335,49.577073,66.493183,FAIL*,FAIL (Grade D)*,12.390320,697,103564,m0,2,event-pooled diagnostic,numerical screen only; formal compliance not established
20260815,M0 Variable-K residual anchor (K=2),DBP,7.845611,0.333829,1.056187,10.693612,44.091576,71.528717,86.338882,FAIL*,FAIL (Grade C)*,6.879389,697,103564,m0,2,event-pooled diagnostic,numerical screen only; formal compliance not established
20260815,M0 Variable-K residual anchor (K=3),SBP,13.036143,0.379931,2.198177,17.195487,27.001661,50.182496,67.156541,FAIL*,FAIL (Grade D)*,12.040517,697,103564,m0,3,event-pooled diagnostic,numerical screen only; formal compliance not established
20260815,M0 Variable-K residual anchor (K=3),DBP,7.716192,0.348081,1.034315,10.579639,45.095786,72.425746,86.594763,FAIL*,FAIL (Grade C)*,6.617621,697,103564,m0,3,event-pooled diagnostic,numerical screen only; formal compliance not established
20260815,M0 Variable-K residual anchor (K=5),SBP,12.627190,0.408865,1.842461,16.825549,28.539840,51.953381,68.670581,FAIL*,FAIL (Grade D)*,11.429605,697,103564,m0,5,event-pooled diagnostic,numerical screen only; formal compliance not established
20260815,M0 Variable-K residual anchor (K=5),DBP,7.439307,0.380551,0.863269,10.325948,47.058824,74.165733,87.344058,FAIL*,FAIL (Grade C)*,6.277331,697,103564,m0,5,event-pooled diagnostic,numerical screen only; formal compliance not established
20260815,M1 M0 + FiLM (K=1),SBP,14.219653,0.270584,1.417852,18.748374,24.966204,46.908192,63.580008,FAIL*,FAIL (Grade D)*,13.407206,697,103564,m1,1,event-pooled diagnostic,numerical screen only; formal compliance not established
20260815,M1 M0 + FiLM (K=1),DBP,8.308896,0.263112,1.793798,11.158344,41.401452,68.902321,84.790081,FAIL*,FAIL (Grade D)*,7.559590,697,103564,m1,1,event-pooled diagnostic,numerical screen only; formal compliance not established
20260815,M1 M0 + FiLM (K=2),SBP,13.543949,0.330593,1.853125,17.916313,26.294851,49.055656,65.637673,FAIL*,FAIL (Grade D)*,12.521789,697,103564,m1,2,event-pooled diagnostic,numerical screen only; formal compliance not established
20260815,M1 M0 + FiLM (K=2),DBP,8.038863,0.304361,1.824165,10.828161,43.211927,70.479124,85.809741,FAIL*,FAIL (Grade C)*,7.092629,697,103564,m1,2,event-pooled diagnostic,numerical screen only; formal compliance not established
20260815,M1 M0 + FiLM (K=3),SBP,13.244946,0.357000,1.777679,17.563319,27.098219,49.930478,66.411108,FAIL*,FAIL (Grade D)*,12.111891,697,103564,m1,3,event-pooled diagnostic,numerical screen only; formal compliance not established
20260815,M1 M0 + FiLM (K=3),DBP,7.863319,0.331653,1.816652,10.608760,44.129234,71.558650,86.398749,FAIL*,FAIL (Grade C)*,6.830660,697,103564,m1,3,event-pooled diagnostic,numerical screen only; formal compliance not established
20260815,M1 M0 + FiLM (K=5),SBP,12.838934,0.390628,1.352694,17.131917,28.302306,51.284230,67.668302,FAIL*,FAIL (Grade D)*,11.525509,697,103564,m1,5,event-pooled diagnostic,numerical screen only; formal compliance not established
20260815,M1 M0 + FiLM (K=5),DBP,7.535053,0.376069,1.619723,10.272481,45.974470,73.573829,87.421305,FAIL*,FAIL (Grade C)*,6.473730,697,103564,m1,5,event-pooled diagnostic,numerical screen only; formal compliance not established
20260815,M2 M1 + reliability weighting (K=1),SBP,13.887668,0.310782,1.391782,18.223412,25.027036,47.335947,64.127496,FAIL*,FAIL (Grade D)*,13.154550,697,103564,m2,1,event-pooled diagnostic,numerical screen only; formal compliance not established
20260815,M2 M1 + reliability weighting (K=1),DBP,8.248224,0.266214,1.296571,11.203019,41.625468,69.345525,85.530686,FAIL*,FAIL (Grade C)*,7.529209,697,103564,m2,1,event-pooled diagnostic,numerical screen only; formal compliance not established
20260815,M2 M1 + reliability weighting (K=2),SBP,13.505142,0.338789,2.058484,17.782542,25.759917,48.597003,65.732301,FAIL*,FAIL (Grade D)*,12.443764,697,103564,m2,2,event-pooled diagnostic,numerical screen only; formal compliance not established
20260815,M2 M1 + reliability weighting (K=2),DBP,8.011500,0.306704,1.437368,10.867586,42.685682,70.846047,86.305087,FAIL*,FAIL (Grade C)*,7.061445,697,103564,m2,2,event-pooled diagnostic,numerical screen only; formal compliance not established
20260815,M2 M1 + reliability weighting (K=3),SBP,13.194652,0.365256,1.964578,17.428974,26.420378,49.510448,66.732648,FAIL*,FAIL (Grade D)*,12.111967,697,103564,m2,3,event-pooled diagnostic,numerical screen only; formal compliance not established
20260815,M2 M1 + reliability weighting (K=3),DBP,7.801279,0.341615,1.347523,10.597334,43.816384,72.053996,86.964582,FAIL*,FAIL (Grade C)*,6.828665,697,103564,m2,3,event-pooled diagnostic,numerical screen only; formal compliance not established
20260815,M2 M1 + reliability weighting (K=5),SBP,12.724614,0.396293,1.794672,17.010762,28.350585,51.879031,68.608783,FAIL*,FAIL (Grade D)*,11.456426,697,103564,m2,5,event-pooled diagnostic,numerical screen only; formal compliance not established
20260815,M2 M1 + reliability weighting (K=5),DBP,7.545810,0.373202,1.144388,10.360244,45.589201,73.329535,87.527519,FAIL*,FAIL (Grade C)*,6.453330,697,103564,m2,5,event-pooled diagnostic,numerical screen only; formal compliance not established
20260816,B0 Population BP mean (K=1),SBP,17.977358,-0.003915,1.377400,22.014777,15.984319,31.902978,47.190143,FAIL*,FAIL (Grade D)*,17.380697,697,103564,population_mean,1,event-pooled diagnostic,numerical screen only; formal compliance not established
20260816,B0 Population BP mean (K=1),DBP,10.198625,-0.000694,-0.346821,13.165570,29.949596,57.974779,77.576185,FAIL*,FAIL (Grade D)*,9.858857,697,103564,population_mean,1,event-pooled diagnostic,numerical screen only; formal compliance not established
20260816,B0 Population BP mean (K=2),SBP,17.977358,-0.003915,1.377400,22.014777,15.984319,31.902978,47.190143,FAIL*,FAIL (Grade D)*,17.380697,697,103564,population_mean,2,event-pooled diagnostic,numerical screen only; formal compliance not established
20260816,B0 Population BP mean (K=2),DBP,10.198625,-0.000694,-0.346821,13.165570,29.949596,57.974779,77.576185,FAIL*,FAIL (Grade D)*,9.858857,697,103564,population_mean,2,event-pooled diagnostic,numerical screen only; formal compliance not established
20260816,B0 Population BP mean (K=3),SBP,17.977358,-0.003915,1.377400,22.014777,15.984319,31.902978,47.190143,FAIL*,FAIL (Grade D)*,17.380697,697,103564,population_mean,3,event-pooled diagnostic,numerical screen only; formal compliance not established
20260816,B0 Population BP mean (K=3),DBP,10.198625,-0.000694,-0.346821,13.165570,29.949596,57.974779,77.576185,FAIL*,FAIL (Grade D)*,9.858857,697,103564,population_mean,3,event-pooled diagnostic,numerical screen only; formal compliance not established
20260816,B0 Population BP mean (K=5),SBP,17.977358,-0.003915,1.377400,22.014777,15.984319,31.902978,47.190143,FAIL*,FAIL (Grade D)*,17.380697,697,103564,population_mean,5,event-pooled diagnostic,numerical screen only; formal compliance not established
20260816,B0 Population BP mean (K=5),DBP,10.198625,-0.000694,-0.346821,13.165570,29.949596,57.974779,77.576185,FAIL*,FAIL (Grade D)*,9.858857,697,103564,population_mean,5,event-pooled diagnostic,numerical screen only; formal compliance not established
20260816,B3 Population PPG network (K=1),SBP,15.191871,0.206369,-1.056323,19.583614,21.694797,41.765478,58.983817,FAIL*,FAIL (Grade D)*,14.627465,697,103564,population,1,event-pooled diagnostic,numerical screen only; formal compliance not established
20260816,B3 Population PPG network (K=1),DBP,9.104560,0.170879,-0.209999,11.986214,34.844154,63.829130,82.581785,FAIL*,FAIL (Grade D)*,8.784679,697,103564,population,1,event-pooled diagnostic,numerical screen only; formal compliance not established
20260816,B3 Population PPG network (K=2),SBP,15.191871,0.206369,-1.056323,19.583614,21.694797,41.765478,58.983817,FAIL*,FAIL (Grade D)*,14.627465,697,103564,population,2,event-pooled diagnostic,numerical screen only; formal compliance not established
20260816,B3 Population PPG network (K=2),DBP,9.104560,0.170879,-0.209999,11.986214,34.844154,63.829130,82.581785,FAIL*,FAIL (Grade D)*,8.784679,697,103564,population,2,event-pooled diagnostic,numerical screen only; formal compliance not established
20260816,B3 Population PPG network (K=3),SBP,15.191871,0.206369,-1.056323,19.583614,21.694797,41.765478,58.983817,FAIL*,FAIL (Grade D)*,14.627465,697,103564,population,3,event-pooled diagnostic,numerical screen only; formal compliance not established
20260816,B3 Population PPG network (K=3),DBP,9.104560,0.170879,-0.209999,11.986214,34.844154,63.829130,82.581785,FAIL*,FAIL (Grade D)*,8.784679,697,103564,population,3,event-pooled diagnostic,numerical screen only; formal compliance not established
20260816,B3 Population PPG network (K=5),SBP,15.191871,0.206369,-1.056323,19.583614,21.694797,41.765478,58.983817,FAIL*,FAIL (Grade D)*,14.627465,697,103564,population,5,event-pooled diagnostic,numerical screen only; formal compliance not established
20260816,B3 Population PPG network (K=5),DBP,9.104560,0.170879,-0.209999,11.986214,34.844154,63.829130,82.581785,FAIL*,FAIL (Grade D)*,8.784679,697,103564,population,5,event-pooled diagnostic,numerical screen only; formal compliance not established
20260816,B1 Last-cuff persistence (K=1),SBP,18.831464,-0.317668,0.197679,25.269931,20.264764,38.195705,52.491213,FAIL*,FAIL (Grade D)*,19.369449,697,103564,last_cuff,1,event-pooled diagnostic,numerical screen only; formal compliance not established
20260816,B1 Last-cuff persistence (K=1),DBP,10.694021,-0.252904,0.593763,14.724675,34.930092,59.223282,75.389131,FAIL*,FAIL (Grade D)*,10.676897,697,103564,last_cuff,1,event-pooled diagnostic,numerical screen only; formal compliance not established
20260816,B1 Last-cuff persistence (K=2),SBP,18.104333,-0.188872,1.058608,23.980546,20.415395,38.686223,53.609362,FAIL*,FAIL (Grade D)*,18.034405,697,103564,last_cuff,2,event-pooled diagnostic,numerical screen only; formal compliance not established
20260816,B1 Last-cuff persistence (K=2),DBP,10.376849,-0.118702,0.572861,13.913263,34.736974,59.513924,76.131667,FAIL*,FAIL (Grade D)*,9.616320,697,103564,last_cuff,2,event-pooled diagnostic,numerical screen only; formal compliance not established
20260816,B1 Last-cuff persistence (K=3),SBP,17.364332,-0.084229,-0.034686,22.923150,21.124136,39.674984,54.831795,FAIL*,FAIL (Grade D)*,16.855551,697,103564,last_cuff,3,event-pooled diagnostic,numerical screen only; formal compliance not established
20260816,B1 Last-cuff persistence (K=3),DBP,9.958043,-0.053908,0.325954,13.511844,36.671044,61.846781,77.681434,FAIL*,FAIL (Grade D)*,9.130924,697,103564,last_cuff,3,event-pooled diagnostic,numerical screen only; formal compliance not established
20260816,B1 Last-cuff persistence (K=5),SBP,17.139782,-0.076769,-0.690510,22.833743,22.469198,41.104052,56.250241,FAIL*,FAIL (Grade D)*,16.418218,697,103564,last_cuff,5,event-pooled diagnostic,numerical screen only; formal compliance not established
20260816,B1 Last-cuff persistence (K=5),DBP,9.967192,-0.054651,0.013503,13.520537,36.669113,61.533931,77.162914,FAIL*,FAIL (Grade D)*,9.047688,697,103564,last_cuff,5,event-pooled diagnostic,numerical screen only; formal compliance not established
20260816,B2 Support-BP mean (K=1),SBP,18.831464,-0.317668,0.197679,25.269931,20.264764,38.195705,52.491213,FAIL*,FAIL (Grade D)*,19.369449,697,103564,support_mean,1,event-pooled diagnostic,numerical screen only; formal compliance not established
20260816,B2 Support-BP mean (K=1),DBP,10.694021,-0.252904,0.593763,14.724675,34.930092,59.223282,75.389131,FAIL*,FAIL (Grade D)*,10.676897,697,103564,support_mean,1,event-pooled diagnostic,numerical screen only; formal compliance not established
20260816,B2 Support-BP mean (K=2),SBP,17.815870,-0.160980,0.628144,23.712336,21.036267,39.583253,54.543084,FAIL*,FAIL (Grade D)*,17.636259,697,103564,support_mean,2,event-pooled diagnostic,numerical screen only; formal compliance not established
20260816,B2 Support-BP mean (K=2),DBP,10.119607,-0.080558,0.583312,13.673158,36.094589,60.828087,76.935035,FAIL*,FAIL (Grade D)*,9.503751,697,103564,support_mean,2,event-pooled diagnostic,numerical screen only; formal compliance not established
20260816,B2 Support-BP mean (K=3),SBP,17.165935,-0.070764,0.407200,22.776752,21.786528,40.778649,55.640956,FAIL*,FAIL (Grade D)*,16.603542,697,103564,support_mean,3,event-pooled diagnostic,numerical screen only; formal compliance not established
20260816,B2 Support-BP mean (K=3),DBP,9.772298,-0.009294,0.497526,13.217246,37.243637,62.276467,78.226990,FAIL*,FAIL (Grade D)*,8.906004,697,103564,support_mean,3,event-pooled diagnostic,numerical screen only; formal compliance not established
20260816,B2 Support-BP mean (K=5),SBP,16.487172,0.011048,-0.030519,21.892804,22.783013,42.216407,57.202310,FAIL*,FAIL (Grade D)*,15.502776,697,103564,support_mean,5,event-pooled diagnostic,numerical screen only; formal compliance not established
20260816,B2 Support-BP mean (K=5),DBP,9.412464,0.048866,0.268849,12.837054,38.690085,64.315785,79.714959,FAIL*,FAIL (Grade D)*,8.393494,697,103564,support_mean,5,event-pooled diagnostic,numerical screen only; formal compliance not established
20260816,B4 Residual-offset correction (K=1),SBP,16.604913,0.014674,2.047120,21.756560,21.132826,40.652157,56.584334,FAIL*,FAIL (Grade D)*,15.913785,697,103564,residual_offset,1,event-pooled diagnostic,numerical screen only; formal compliance not established
20260816,B4 Residual-offset correction (K=1),DBP,9.111795,0.106415,0.463071,12.436748,38.346337,65.676297,81.597853,FAIL*,FAIL (Grade D)*,8.641906,697,103564,residual_offset,1,event-pooled diagnostic,numerical screen only; formal compliance not established
20260816,B4 Residual-offset correction (K=2),SBP,15.552469,0.134500,2.481783,20.329918,22.689352,43.143370,59.568962,FAIL*,FAIL (Grade D)*,14.376607,697,103564,residual_offset,2,event-pooled diagnostic,numerical screen only; formal compliance not established
20260816,B4 Residual-offset correction (K=2),DBP,8.558586,0.221664,0.482562,11.605081,40.319995,68.060330,83.613997,FAIL*,FAIL (Grade D)*,7.789928,697,103564,residual_offset,2,event-pooled diagnostic,numerical screen only; formal compliance not established
20260816,B4 Residual-offset correction (K=3),SBP,15.008423,0.195246,2.502474,19.589836,23.267738,44.274072,60.893747,FAIL*,FAIL (Grade D)*,13.671214,697,103564,residual_offset,3,event-pooled diagnostic,numerical screen only; formal compliance not established
20260816,B4 Residual-offset correction (K=3),DBP,8.200478,0.281704,0.530895,11.145492,41.784790,69.925843,85.118381,FAIL*,FAIL (Grade C)*,7.373866,697,103564,residual_offset,3,event-pooled diagnostic,numerical screen only; formal compliance not established
20260816,B4 Residual-offset correction (K=5),SBP,14.392625,0.254198,1.937105,18.912977,24.369472,45.998610,62.623112,FAIL*,FAIL (Grade D)*,12.774043,697,103564,residual_offset,5,event-pooled diagnostic,numerical screen only; formal compliance not established
20260816,B4 Residual-offset correction (K=5),DBP,7.805556,0.338473,0.405670,10.700441,43.830868,72.093585,86.636283,FAIL*,FAIL (Grade C)*,6.892771,697,103564,residual_offset,5,event-pooled diagnostic,numerical screen only; formal compliance not established
20260816,B6 Head-only adaptation (K=1),SBP,15.043645,0.229465,0.141190,19.324087,22.186281,42.226063,59.106446,FAIL*,FAIL (Grade D)*,14.135311,697,103564,head,1,event-pooled diagnostic,numerical screen only; formal compliance not established
20260816,B6 Head-only adaptation (K=1),DBP,8.127888,0.315357,-0.005619,10.893607,40.829825,69.740450,85.739253,FAIL*,FAIL (Grade C)*,7.770748,697,103564,head,1,event-pooled diagnostic,numerical screen only; formal compliance not established
20260816,B6 Head-only adaptation (K=2),SBP,14.600511,0.266206,0.982050,18.832667,22.812947,43.490016,60.835812,FAIL*,FAIL (Grade D)*,13.449635,697,103564,head,2,event-pooled diagnostic,numerical screen only; formal compliance not established
20260816,B6 Head-only adaptation (K=2),DBP,7.965231,0.330163,0.276871,10.771619,41.867831,71.148275,86.441234,FAIL*,FAIL (Grade C)*,7.402012,697,103564,head,2,event-pooled diagnostic,numerical screen only; formal compliance not established
20260816,B6 Head-only adaptation (K=3),SBP,14.312488,0.290186,1.057513,18.517372,23.633695,44.472017,61.715461,FAIL*,FAIL (Grade D)*,13.007597,697,103564,head,3,event-pooled diagnostic,numerical screen only; formal compliance not established
20260816,B6 Head-only adaptation (K=3),DBP,7.771161,0.354430,0.325462,10.573185,43.164613,72.120621,87.315090,FAIL*,FAIL (Grade C)*,7.098728,697,103564,head,3,event-pooled diagnostic,numerical screen only; formal compliance not established
20260816,B6 Head-only adaptation (K=5),SBP,13.705251,0.334880,0.768221,17.937685,25.100421,47.194971,64.329304,FAIL*,FAIL (Grade D)*,12.208555,697,103564,head,5,event-pooled diagnostic,numerical screen only; formal compliance not established
20260816,B6 Head-only adaptation (K=5),DBP,7.581839,0.381043,0.286204,10.353898,44.292418,72.950060,88.254606,FAIL*,FAIL (Grade C)*,6.781102,697,103564,head,5,event-pooled diagnostic,numerical screen only; formal compliance not established
20260816,B7 Full-network adaptation (K=1),SBP,18.836289,-0.319447,-0.009063,25.287751,20.239659,38.335715,52.595497,FAIL*,FAIL (Grade D)*,19.380605,697,103564,full,1,event-pooled diagnostic,numerical screen only; formal compliance not established
20260816,B7 Full-network adaptation (K=1),DBP,10.772685,-0.267922,0.513332,14.815809,34.485922,58.957746,75.252984,FAIL*,FAIL (Grade D)*,10.755767,697,103564,full,1,event-pooled diagnostic,numerical screen only; formal compliance not established
20260816,B7 Full-network adaptation (K=2),SBP,17.970732,-0.175752,0.447470,23.866892,20.733073,39.308061,53.984975,FAIL*,FAIL (Grade D)*,17.650948,697,103564,full,2,event-pooled diagnostic,numerical screen only; formal compliance not established
20260816,B7 Full-network adaptation (K=2),DBP,10.252704,-0.102889,0.513316,13.816754,35.441852,60.178247,76.444517,FAIL*,FAIL (Grade D)*,9.482333,697,103564,full,2,event-pooled diagnostic,numerical screen only; formal compliance not established
20260816,B7 Full-network adaptation (K=3),SBP,17.235669,-0.081665,0.079280,22.895923,21.494921,40.565254,55.608126,FAIL*,FAIL (Grade D)*,16.463052,697,103564,full,3,event-pooled diagnostic,numerical screen only; formal compliance not established
20260816,B7 Full-network adaptation (K=3),DBP,9.762923,-0.013405,0.414509,13.247033,37.210807,62.492758,78.479008,FAIL*,FAIL (Grade D)*,8.889603,697,103564,full,3,event-pooled diagnostic,numerical screen only; formal compliance not established
20260816,B7 Full-network adaptation (K=5),SBP,16.639389,-0.013671,-0.037853,22.164714,22.614036,42.153644,57.281488,FAIL*,FAIL (Grade D)*,15.605939,697,103564,full,5,event-pooled diagnostic,numerical screen only; formal compliance not established
20260816,B7 Full-network adaptation (K=5),DBP,9.486741,0.026473,0.270219,12.987326,38.789541,64.097563,79.414661,FAIL*,FAIL (Grade D)*,8.476063,697,103564,full,5,event-pooled diagnostic,numerical screen only; formal compliance not established
20260816,B8 LoRA adaptation (K=1),SBP,14.296284,0.303224,-0.683696,18.363689,23.040825,44.312696,61.352400,FAIL*,FAIL (Grade D)*,13.535353,697,103564,lora,1,event-pooled diagnostic,numerical screen only; formal compliance not established
20260816,B8 LoRA adaptation (K=1),DBP,7.776941,0.362328,-0.509315,10.500941,41.923835,71.958403,87.979414,FAIL*,FAIL (Grade C)*,7.443302,697,103564,lora,1,event-pooled diagnostic,numerical screen only; formal compliance not established
20260816,B8 LoRA adaptation (K=2),SBP,13.925395,0.329361,-0.186446,18.027504,24.086555,45.851840,62.900236,FAIL*,FAIL (Grade D)*,12.963923,697,103564,lora,2,event-pooled diagnostic,numerical screen only; formal compliance not established
20260816,B8 LoRA adaptation (K=2),DBP,7.745261,0.361968,-0.356202,10.510215,42.627747,72.372639,87.883821,FAIL*,FAIL (Grade C)*,7.213168,697,103564,lora,2,event-pooled diagnostic,numerical screen only; formal compliance not established
20260816,B8 LoRA adaptation (K=3),SBP,13.733985,0.346763,-0.043947,17.792971,24.468927,46.312425,63.534626,FAIL*,FAIL (Grade D)*,12.736835,697,103564,lora,3,event-pooled diagnostic,numerical screen only; formal compliance not established
20260816,B8 LoRA adaptation (K=3),DBP,7.638653,0.375246,-0.250992,10.403222,43.179097,73.098760,88.232397,FAIL*,FAIL (Grade C)*,7.051798,697,103564,lora,3,event-pooled diagnostic,numerical screen only; formal compliance not established
20260816,B8 LoRA adaptation (K=5),SBP,13.438795,0.366915,-0.149816,17.515774,25.431617,47.604380,64.689467,FAIL*,FAIL (Grade D)*,12.256185,697,103564,lora,5,event-pooled diagnostic,numerical screen only; formal compliance not established
20260816,B8 LoRA adaptation (K=5),DBP,7.463591,0.395030,-0.217042,10.237856,44.661272,74.032482,88.675602,FAIL*,FAIL (Grade C)*,6.816266,697,103564,lora,5,event-pooled diagnostic,numerical screen only; formal compliance not established
20260816,M0 Variable-K residual anchor (K=1),SBP,13.688867,0.327901,1.134308,18.012399,26.244641,47.735700,64.312889,FAIL*,FAIL (Grade D)*,12.781919,697,103564,m0,1,event-pooled diagnostic,numerical screen only; formal compliance not established
20260816,M0 Variable-K residual anchor (K=1),DBP,7.935158,0.319799,0.509263,10.846264,43.224480,71.360704,86.229771,FAIL*,FAIL (Grade C)*,7.199363,697,103564,m0,1,event-pooled diagnostic,numerical screen only; formal compliance not established
20260816,M0 Variable-K residual anchor (K=2),SBP,13.123037,0.372688,1.672432,17.355982,27.509559,49.706462,66.512495,FAIL*,FAIL (Grade D)*,12.075555,697,103564,m0,2,event-pooled diagnostic,numerical screen only; formal compliance not established
20260816,M0 Variable-K residual anchor (K=2),DBP,7.709744,0.344593,0.679700,10.636783,44.864045,73.030204,86.837125,FAIL*,FAIL (Grade C)*,6.752981,697,103564,m0,2,event-pooled diagnostic,numerical screen only; formal compliance not established
20260816,M0 Variable-K residual anchor (K=3),SBP,12.855624,0.396258,1.732609,17.017696,27.800201,50.574524,67.382488,FAIL*,FAIL (Grade D)*,11.742540,697,103564,m0,3,event-pooled diagnostic,numerical screen only; formal compliance not established
20260816,M0 Variable-K residual anchor (K=3),DBP,7.548626,0.367904,0.762978,10.439373,45.883705,74.037310,87.390406,FAIL*,FAIL (Grade C)*,6.524654,697,103564,m0,3,event-pooled diagnostic,numerical screen only; formal compliance not established
20260816,M0 Variable-K residual anchor (K=5),SBP,12.495914,0.422954,1.334100,16.669910,28.824688,52.117531,68.869491,FAIL*,FAIL (Grade D)*,11.198902,697,103564,m0,5,event-pooled diagnostic,numerical screen only; formal compliance not established
20260816,M0 Variable-K residual anchor (K=5),DBP,7.300108,0.399528,0.614523,10.183493,47.506856,75.381407,88.149357,FAIL*,FAIL (Grade C)*,6.208225,697,103564,m0,5,event-pooled diagnostic,numerical screen only; formal compliance not established
20260816,M1 M0 + FiLM (K=1),SBP,13.811420,0.312386,0.978353,18.228962,25.751226,47.453748,64.216330,FAIL*,FAIL (Grade D)*,12.957448,697,103564,m1,1,event-pooled diagnostic,numerical screen only; formal compliance not established
20260816,M1 M0 + FiLM (K=1),DBP,7.915900,0.319747,0.114741,10.858018,43.097022,71.551891,86.596694,FAIL*,FAIL (Grade C)*,7.150215,697,103564,m1,1,event-pooled diagnostic,numerical screen only; formal compliance not established
20260816,M1 M0 + FiLM (K=2),SBP,13.192561,0.364880,1.548968,17.476038,27.088564,49.521069,66.367657,FAIL*,FAIL (Grade D)*,12.204322,697,103564,m1,2,event-pooled diagnostic,numerical screen only; formal compliance not established
20260816,M1 M0 + FiLM (K=2),DBP,7.694579,0.346177,0.288329,10.641685,44.784867,73.295740,87.113283,FAIL*,FAIL (Grade C)*,6.719509,697,103564,m1,2,event-pooled diagnostic,numerical screen only; formal compliance not established
20260816,M1 M0 + FiLM (K=3),SBP,12.897838,0.390363,1.546447,17.119273,27.576185,50.387200,67.450079,FAIL*,FAIL (Grade D)*,11.835690,697,103564,m1,3,event-pooled diagnostic,numerical screen only; formal compliance not established
20260816,M1 M0 + FiLM (K=3),DBP,7.540011,0.364631,0.346327,10.488568,45.895292,74.096211,87.654011,FAIL*,FAIL (Grade C)*,6.484203,697,103564,m1,3,event-pooled diagnostic,numerical screen only; formal compliance not established
20260816,M1 M0 + FiLM (K=5),SBP,12.546113,0.415871,1.241100,16.779689,28.847862,51.979452,68.655131,FAIL*,FAIL (Grade D)*,11.272389,697,103564,m1,5,event-pooled diagnostic,numerical screen only; formal compliance not established
20260816,M1 M0 + FiLM (K=5),DBP,7.329336,0.388821,0.248960,10.289560,47.463404,75.170909,88.128114,FAIL*,FAIL (Grade C)*,6.199007,697,103564,m1,5,event-pooled diagnostic,numerical screen only; formal compliance not established
20260816,M2 M1 + reliability weighting (K=1),SBP,13.675503,0.331702,1.855522,17.901052,26.022556,47.675833,64.340891,FAIL*,FAIL (Grade D)*,12.975118,697,103564,m2,1,event-pooled diagnostic,numerical screen only; formal compliance not established
20260816,M2 M1 + reliability weighting (K=1),DBP,8.134127,0.292131,1.305241,10.999674,42.066741,70.002124,85.564482,FAIL*,FAIL (Grade C)*,7.410215,697,103564,m2,1,event-pooled diagnostic,numerical screen only; formal compliance not established
20260816,M2 M1 + reliability weighting (K=2),SBP,13.254217,0.366869,2.145776,17.385130,26.466726,49.015102,65.980457,FAIL*,FAIL (Grade D)*,12.157894,697,103564,m2,2,event-pooled diagnostic,numerical screen only; formal compliance not established
20260816,M2 M1 + reliability weighting (K=2),DBP,7.847901,0.329112,1.251374,10.710766,44.177513,71.952609,86.546483,FAIL*,FAIL (Grade C)*,6.776298,697,103564,m2,2,event-pooled diagnostic,numerical screen only; formal compliance not established
20260816,M2 M1 + reliability weighting (K=3),SBP,12.927063,0.395102,2.066340,16.996887,27.139740,50.037658,66.968252,FAIL*,FAIL (Grade D)*,11.808596,697,103564,m2,3,event-pooled diagnostic,numerical screen only; formal compliance not established
20260816,M2 M1 + reliability weighting (K=3),DBP,7.664702,0.358112,1.233373,10.475619,44.857286,72.984821,87.211772,FAIL*,FAIL (Grade C)*,6.583935,697,103564,m2,3,event-pooled diagnostic,numerical screen only; formal compliance not established
20260816,M2 M1 + reliability weighting (K=5),SBP,12.450760,0.423689,1.667784,16.629120,29.064154,52.353134,69.049090,FAIL*,FAIL (Grade D)*,11.153898,697,103564,m2,5,event-pooled diagnostic,numerical screen only; formal compliance not established
20260816,M2 M1 + reliability weighting (K=5),DBP,7.428906,0.383299,0.946667,10.295531,46.732455,74.466031,87.814298,FAIL*,FAIL (Grade C)*,6.272253,697,103564,m2,5,event-pooled diagnostic,numerical screen only; formal compliance not established
20260817,B0 Population BP mean (K=1),SBP,17.977358,-0.003915,1.377400,22.014777,15.984319,31.902978,47.190143,FAIL*,FAIL (Grade D)*,17.380697,697,103564,population_mean,1,event-pooled diagnostic,numerical screen only; formal compliance not established
20260817,B0 Population BP mean (K=1),DBP,10.198625,-0.000694,-0.346821,13.165570,29.949596,57.974779,77.576185,FAIL*,FAIL (Grade D)*,9.858857,697,103564,population_mean,1,event-pooled diagnostic,numerical screen only; formal compliance not established
20260817,B0 Population BP mean (K=2),SBP,17.977358,-0.003915,1.377400,22.014777,15.984319,31.902978,47.190143,FAIL*,FAIL (Grade D)*,17.380697,697,103564,population_mean,2,event-pooled diagnostic,numerical screen only; formal compliance not established
20260817,B0 Population BP mean (K=2),DBP,10.198625,-0.000694,-0.346821,13.165570,29.949596,57.974779,77.576185,FAIL*,FAIL (Grade D)*,9.858857,697,103564,population_mean,2,event-pooled diagnostic,numerical screen only; formal compliance not established
20260817,B0 Population BP mean (K=3),SBP,17.977358,-0.003915,1.377400,22.014777,15.984319,31.902978,47.190143,FAIL*,FAIL (Grade D)*,17.380697,697,103564,population_mean,3,event-pooled diagnostic,numerical screen only; formal compliance not established
20260817,B0 Population BP mean (K=3),DBP,10.198625,-0.000694,-0.346821,13.165570,29.949596,57.974779,77.576185,FAIL*,FAIL (Grade D)*,9.858857,697,103564,population_mean,3,event-pooled diagnostic,numerical screen only; formal compliance not established
20260817,B0 Population BP mean (K=5),SBP,17.977358,-0.003915,1.377400,22.014777,15.984319,31.902978,47.190143,FAIL*,FAIL (Grade D)*,17.380697,697,103564,population_mean,5,event-pooled diagnostic,numerical screen only; formal compliance not established
20260817,B0 Population BP mean (K=5),DBP,10.198625,-0.000694,-0.346821,13.165570,29.949596,57.974779,77.576185,FAIL*,FAIL (Grade D)*,9.858857,697,103564,population_mean,5,event-pooled diagnostic,numerical screen only; formal compliance not established
20260817,B3 Population PPG network (K=1),SBP,14.971188,0.227391,-1.133250,19.317377,22.053030,42.340968,59.962921,FAIL*,FAIL (Grade D)*,14.522207,697,103564,population,1,event-pooled diagnostic,numerical screen only; formal compliance not established
20260817,B3 Population PPG network (K=1),DBP,9.194469,0.174295,0.880971,11.930849,33.595651,63.220810,82.113476,FAIL*,FAIL (Grade D)*,8.810862,697,103564,population,1,event-pooled diagnostic,numerical screen only; formal compliance not established
20260817,B3 Population PPG network (K=2),SBP,14.971188,0.227391,-1.133250,19.317377,22.053030,42.340968,59.962921,FAIL*,FAIL (Grade D)*,14.522207,697,103564,population,2,event-pooled diagnostic,numerical screen only; formal compliance not established
20260817,B3 Population PPG network (K=2),DBP,9.194469,0.174295,0.880971,11.930849,33.595651,63.220810,82.113476,FAIL*,FAIL (Grade D)*,8.810862,697,103564,population,2,event-pooled diagnostic,numerical screen only; formal compliance not established
20260817,B3 Population PPG network (K=3),SBP,14.971188,0.227391,-1.133250,19.317377,22.053030,42.340968,59.962921,FAIL*,FAIL (Grade D)*,14.522207,697,103564,population,3,event-pooled diagnostic,numerical screen only; formal compliance not established
20260817,B3 Population PPG network (K=3),DBP,9.194469,0.174295,0.880971,11.930849,33.595651,63.220810,82.113476,FAIL*,FAIL (Grade D)*,8.810862,697,103564,population,3,event-pooled diagnostic,numerical screen only; formal compliance not established
20260817,B3 Population PPG network (K=5),SBP,14.971188,0.227391,-1.133250,19.317377,22.053030,42.340968,59.962921,FAIL*,FAIL (Grade D)*,14.522207,697,103564,population,5,event-pooled diagnostic,numerical screen only; formal compliance not established
20260817,B3 Population PPG network (K=5),DBP,9.194469,0.174295,0.880971,11.930849,33.595651,63.220810,82.113476,FAIL*,FAIL (Grade D)*,8.810862,697,103564,population,5,event-pooled diagnostic,numerical screen only; formal compliance not established
20260817,B1 Last-cuff persistence (K=1),SBP,18.831464,-0.317668,0.197679,25.269931,20.264764,38.195705,52.491213,FAIL*,FAIL (Grade D)*,19.369449,697,103564,last_cuff,1,event-pooled diagnostic,numerical screen only; formal compliance not established
20260817,B1 Last-cuff persistence (K=1),DBP,10.694021,-0.252904,0.593763,14.724675,34.930092,59.223282,75.389131,FAIL*,FAIL (Grade D)*,10.676897,697,103564,last_cuff,1,event-pooled diagnostic,numerical screen only; formal compliance not established
20260817,B1 Last-cuff persistence (K=2),SBP,18.104333,-0.188872,1.058608,23.980546,20.415395,38.686223,53.609362,FAIL*,FAIL (Grade D)*,18.034405,697,103564,last_cuff,2,event-pooled diagnostic,numerical screen only; formal compliance not established
20260817,B1 Last-cuff persistence (K=2),DBP,10.376849,-0.118702,0.572861,13.913263,34.736974,59.513924,76.131667,FAIL*,FAIL (Grade D)*,9.616320,697,103564,last_cuff,2,event-pooled diagnostic,numerical screen only; formal compliance not established
20260817,B1 Last-cuff persistence (K=3),SBP,17.364332,-0.084229,-0.034686,22.923150,21.124136,39.674984,54.831795,FAIL*,FAIL (Grade D)*,16.855551,697,103564,last_cuff,3,event-pooled diagnostic,numerical screen only; formal compliance not established
20260817,B1 Last-cuff persistence (K=3),DBP,9.958043,-0.053908,0.325954,13.511844,36.671044,61.846781,77.681434,FAIL*,FAIL (Grade D)*,9.130924,697,103564,last_cuff,3,event-pooled diagnostic,numerical screen only; formal compliance not established
20260817,B1 Last-cuff persistence (K=5),SBP,17.139782,-0.076769,-0.690510,22.833743,22.469198,41.104052,56.250241,FAIL*,FAIL (Grade D)*,16.418218,697,103564,last_cuff,5,event-pooled diagnostic,numerical screen only; formal compliance not established
20260817,B1 Last-cuff persistence (K=5),DBP,9.967192,-0.054651,0.013503,13.520537,36.669113,61.533931,77.162914,FAIL*,FAIL (Grade D)*,9.047688,697,103564,last_cuff,5,event-pooled diagnostic,numerical screen only; formal compliance not established
20260817,B2 Support-BP mean (K=1),SBP,18.831464,-0.317668,0.197679,25.269931,20.264764,38.195705,52.491213,FAIL*,FAIL (Grade D)*,19.369449,697,103564,support_mean,1,event-pooled diagnostic,numerical screen only; formal compliance not established
20260817,B2 Support-BP mean (K=1),DBP,10.694021,-0.252904,0.593763,14.724675,34.930092,59.223282,75.389131,FAIL*,FAIL (Grade D)*,10.676897,697,103564,support_mean,1,event-pooled diagnostic,numerical screen only; formal compliance not established
20260817,B2 Support-BP mean (K=2),SBP,17.815870,-0.160980,0.628144,23.712336,21.036267,39.583253,54.543084,FAIL*,FAIL (Grade D)*,17.636259,697,103564,support_mean,2,event-pooled diagnostic,numerical screen only; formal compliance not established
20260817,B2 Support-BP mean (K=2),DBP,10.119607,-0.080558,0.583312,13.673158,36.094589,60.828087,76.935035,FAIL*,FAIL (Grade D)*,9.503751,697,103564,support_mean,2,event-pooled diagnostic,numerical screen only; formal compliance not established
20260817,B2 Support-BP mean (K=3),SBP,17.165935,-0.070764,0.407200,22.776752,21.786528,40.778649,55.640956,FAIL*,FAIL (Grade D)*,16.603542,697,103564,support_mean,3,event-pooled diagnostic,numerical screen only; formal compliance not established
20260817,B2 Support-BP mean (K=3),DBP,9.772298,-0.009294,0.497526,13.217246,37.243637,62.276467,78.226990,FAIL*,FAIL (Grade D)*,8.906004,697,103564,support_mean,3,event-pooled diagnostic,numerical screen only; formal compliance not established
20260817,B2 Support-BP mean (K=5),SBP,16.487172,0.011048,-0.030519,21.892804,22.783013,42.216407,57.202310,FAIL*,FAIL (Grade D)*,15.502776,697,103564,support_mean,5,event-pooled diagnostic,numerical screen only; formal compliance not established
20260817,B2 Support-BP mean (K=5),DBP,9.412464,0.048866,0.268849,12.837054,38.690085,64.315785,79.714959,FAIL*,FAIL (Grade D)*,8.393494,697,103564,support_mean,5,event-pooled diagnostic,numerical screen only; formal compliance not established
20260817,B4 Residual-offset correction (K=1),SBP,16.124166,0.057573,1.703042,21.303691,22.156348,41.977907,57.830906,FAIL*,FAIL (Grade D)*,15.702110,697,103564,residual_offset,1,event-pooled diagnostic,numerical screen only; formal compliance not established
20260817,B4 Residual-offset correction (K=1),DBP,9.205040,0.080772,0.535321,12.611313,38.524970,65.027423,81.116990,FAIL*,FAIL (Grade D)*,8.581406,697,103564,residual_offset,1,event-pooled diagnostic,numerical screen only; formal compliance not established
20260817,B4 Residual-offset correction (K=2),SBP,15.162872,0.174259,2.184613,19.885245,23.679078,44.194894,60.297014,FAIL*,FAIL (Grade D)*,14.263314,697,103564,residual_offset,2,event-pooled diagnostic,numerical screen only; formal compliance not established
20260817,B4 Residual-offset correction (K=2),DBP,8.626175,0.202671,0.504977,11.745117,40.810513,67.706925,82.845390,FAIL*,FAIL (Grade D)*,7.775702,697,103564,residual_offset,2,event-pooled diagnostic,numerical screen only; formal compliance not established
20260817,B4 Residual-offset correction (K=3),SBP,14.600827,0.236243,2.169234,19.116727,24.157043,45.471399,61.765671,FAIL*,FAIL (Grade D)*,13.522065,697,103564,residual_offset,3,event-pooled diagnostic,numerical screen only; formal compliance not established
20260817,B4 Residual-offset correction (K=3),DBP,8.211178,0.273915,0.511166,11.206815,42.546638,69.668997,84.596964,FAIL*,FAIL (Grade D)*,7.315792,697,103564,residual_offset,3,event-pooled diagnostic,numerical screen only; formal compliance not established
20260817,B4 Residual-offset correction (K=5),SBP,14.044186,0.288092,1.704940,18.496472,25.118767,46.916882,63.609942,FAIL*,FAIL (Grade D)*,12.660471,697,103564,residual_offset,5,event-pooled diagnostic,numerical screen only; formal compliance not established
20260817,B4 Residual-offset correction (K=5),DBP,7.830935,0.329242,0.423108,10.774275,44.417944,71.850257,85.855123,FAIL*,FAIL (Grade C)*,6.849679,697,103564,residual_offset,5,event-pooled diagnostic,numerical screen only; formal compliance not established
20260817,B6 Head-only adaptation (K=1),SBP,14.586838,0.269329,-0.093569,18.817849,23.281256,43.940945,60.498822,FAIL*,FAIL (Grade D)*,14.059553,697,103564,head,1,event-pooled diagnostic,numerical screen only; formal compliance not established
20260817,B6 Head-only adaptation (K=1),DBP,8.279199,0.286779,0.217649,11.116511,40.752578,68.763277,84.730215,FAIL*,FAIL (Grade D)*,7.755670,697,103564,head,1,event-pooled diagnostic,numerical screen only; formal compliance not established
20260817,B6 Head-only adaptation (K=2),SBP,14.116911,0.310869,0.688999,18.262335,23.709976,45.206829,62.410683,FAIL*,FAIL (Grade D)*,13.315501,697,103564,head,2,event-pooled diagnostic,numerical screen only; formal compliance not established
20260817,B6 Head-only adaptation (K=2),DBP,8.106267,0.307637,0.367171,10.948700,41.661195,70.002124,85.745047,FAIL*,FAIL (Grade C)*,7.449592,697,103564,head,2,event-pooled diagnostic,numerical screen only; formal compliance not established
20260817,B6 Head-only adaptation (K=3),SBP,13.812976,0.338565,0.692018,17.890941,24.097177,45.974470,63.492140,FAIL*,FAIL (Grade D)*,12.854779,697,103564,head,3,event-pooled diagnostic,numerical screen only; formal compliance not established
20260817,B6 Head-only adaptation (K=3),DBP,7.871109,0.338608,0.409521,10.699198,42.828589,71.772044,86.722220,FAIL*,FAIL (Grade C)*,7.131621,697,103564,head,3,event-pooled diagnostic,numerical screen only; formal compliance not established
20260817,B6 Head-only adaptation (K=5),SBP,13.407813,0.367868,0.444099,17.497592,25.626666,47.726044,64.920243,FAIL*,FAIL (Grade D)*,12.176417,697,103564,head,5,event-pooled diagnostic,numerical screen only; formal compliance not established
20260817,B6 Head-only adaptation (K=5),DBP,7.625254,0.373536,0.465363,10.410083,44.264416,73.056274,87.632768,FAIL*,FAIL (Grade C)*,6.782617,697,103564,head,5,event-pooled diagnostic,numerical screen only; formal compliance not established
20260817,B7 Full-network adaptation (K=1),SBP,18.902085,-0.324014,0.035924,25.331452,20.067784,37.958171,52.080839,FAIL*,FAIL (Grade D)*,19.402337,697,103564,full,1,event-pooled diagnostic,numerical screen only; formal compliance not established
20260817,B7 Full-network adaptation (K=1),DBP,10.787370,-0.266954,0.592454,14.807191,34.612414,58.782009,74.884130,FAIL*,FAIL (Grade D)*,10.814799,697,103564,full,1,event-pooled diagnostic,numerical screen only; formal compliance not established
20260817,B7 Full-network adaptation (K=2),SBP,17.782430,-0.159215,0.169581,23.702005,21.003437,39.816925,54.688888,FAIL*,FAIL (Grade D)*,17.471605,697,103564,full,2,event-pooled diagnostic,numerical screen only; formal compliance not established
20260817,B7 Full-network adaptation (K=2),DBP,10.137110,-0.085962,0.405796,13.713773,36.040516,60.820362,76.786335,FAIL*,FAIL (Grade D)*,9.462911,697,103564,full,2,event-pooled diagnostic,numerical screen only; formal compliance not established
20260817,B7 Full-network adaptation (K=3),SBP,17.180623,-0.075592,0.139517,22.831267,21.461125,40.698505,55.642887,FAIL*,FAIL (Grade D)*,16.463819,697,103564,full,3,event-pooled diagnostic,numerical screen only; formal compliance not established
20260817,B7 Full-network adaptation (K=3),DBP,9.776783,-0.022007,0.363171,13.304695,37.572902,62.391372,78.278166,FAIL*,FAIL (Grade D)*,8.930782,697,103564,full,3,event-pooled diagnostic,numerical screen only; formal compliance not established
20260817,B7 Full-network adaptation (K=5),SBP,16.552498,-0.004379,-0.154544,22.062381,22.850604,42.365108,57.218725,FAIL*,FAIL (Grade D)*,15.471708,697,103564,full,5,event-pooled diagnostic,numerical screen only; formal compliance not established
20260817,B7 Full-network adaptation (K=5),DBP,9.384969,0.050883,0.222421,12.824318,38.837820,64.423931,79.793171,FAIL*,FAIL (Grade D)*,8.436746,697,103564,full,5,event-pooled diagnostic,numerical screen only; formal compliance not established
20260817,B8 LoRA adaptation (K=1),SBP,13.952846,0.329946,-0.653038,18.008761,24.293191,45.751419,62.537175,FAIL*,FAIL (Grade D)*,13.376673,697,103564,lora,1,event-pooled diagnostic,numerical screen only; formal compliance not established
20260817,B8 LoRA adaptation (K=1),DBP,7.954625,0.339641,0.079619,10.698369,41.368622,70.988954,86.559036,FAIL*,FAIL (Grade C)*,7.460054,697,103564,lora,1,event-pooled diagnostic,numerical screen only; formal compliance not established
20260817,B8 LoRA adaptation (K=2),SBP,13.649595,0.356951,-0.116819,17.653334,24.783709,46.620447,63.524004,FAIL*,FAIL (Grade D)*,12.888442,697,103564,lora,2,event-pooled diagnostic,numerical screen only; formal compliance not established
20260817,B8 LoRA adaptation (K=2),DBP,7.886965,0.345052,0.107495,10.654206,41.998185,71.521957,86.736704,FAIL*,FAIL (Grade C)*,7.262738,697,103564,lora,2,event-pooled diagnostic,numerical screen only; formal compliance not established
20260817,B8 LoRA adaptation (K=3),SBP,13.438963,0.373486,-0.051858,17.425198,25.120698,47.369742,64.422966,FAIL*,FAIL (Grade D)*,12.659274,697,103564,lora,3,event-pooled diagnostic,numerical screen only; formal compliance not established
20260817,B8 LoRA adaptation (K=3),DBP,7.718936,0.369171,0.191885,10.454956,43.069986,72.572516,87.401027,FAIL*,FAIL (Grade C)*,7.068154,697,103564,lora,3,event-pooled diagnostic,numerical screen only; formal compliance not established
20260817,B8 LoRA adaptation (K=5),SBP,13.163812,0.393520,-0.185257,17.143403,25.953034,48.403886,65.439728,FAIL*,FAIL (Grade D)*,12.200243,697,103564,lora,5,event-pooled diagnostic,numerical screen only; formal compliance not established
20260817,B8 LoRA adaptation (K=5),DBP,7.532474,0.388846,0.188445,10.290633,44.356147,73.860608,87.857750,FAIL*,FAIL (Grade C)*,6.819179,697,103564,lora,5,event-pooled diagnostic,numerical screen only; formal compliance not established
20260817,M0 Variable-K residual anchor (K=1),SBP,13.673933,0.329861,0.062500,18.021637,25.863234,48.004133,64.542698,FAIL*,FAIL (Grade D)*,12.908392,697,103564,m0,1,event-pooled diagnostic,numerical screen only; formal compliance not established
20260817,M0 Variable-K residual anchor (K=1),DBP,7.923852,0.318611,0.356109,10.861850,43.334556,71.214901,86.296396,FAIL*,FAIL (Grade C)*,7.197336,697,103564,m0,1,event-pooled diagnostic,numerical screen only; formal compliance not established
20260817,M0 Variable-K residual anchor (K=2),SBP,13.152052,0.373186,0.704309,17.415209,27.319339,49.754741,66.203507,FAIL*,FAIL (Grade D)*,12.209132,697,103564,m0,2,event-pooled diagnostic,numerical screen only; formal compliance not established
20260817,M0 Variable-K residual anchor (K=2),DBP,7.708787,0.341245,0.553840,10.671304,45.398980,72.888262,86.784018,FAIL*,FAIL (Grade C)*,6.771426,697,103564,m0,2,event-pooled diagnostic,numerical screen only; formal compliance not established
20260817,M0 Variable-K residual anchor (K=3),SBP,12.906140,0.396023,0.774931,17.091432,27.654397,50.423892,67.012668,FAIL*,FAIL (Grade D)*,11.872852,697,103564,m0,3,event-pooled diagnostic,numerical screen only; formal compliance not established
20260817,M0 Variable-K residual anchor (K=3),DBP,7.567145,0.358680,0.623587,10.524852,46.417674,73.924337,87.078521,FAIL*,FAIL (Grade C)*,6.552623,697,103564,m0,3,event-pooled diagnostic,numerical screen only; formal compliance not established
20260817,M0 Variable-K residual anchor (K=5),SBP,12.539894,0.426077,0.480774,16.670952,28.550462,51.636669,68.315245,FAIL*,FAIL (Grade D)*,11.314976,697,103564,m0,5,event-pooled diagnostic,numerical screen only; formal compliance not established
20260817,M0 Variable-K residual anchor (K=5),DBP,7.315579,0.392228,0.535321,10.249870,47.846742,75.225947,87.881889,FAIL*,FAIL (Grade C)*,6.236372,697,103564,m0,5,event-pooled diagnostic,numerical screen only; formal compliance not established
20260817,M1 M0 + FiLM (K=1),SBP,13.826214,0.310109,1.554338,18.219218,25.781159,47.736665,64.299370,FAIL*,FAIL (Grade D)*,13.011623,697,103564,m1,1,event-pooled diagnostic,numerical screen only; formal compliance not established
20260817,M1 M0 + FiLM (K=1),DBP,7.983720,0.308166,0.339044,10.945418,43.068055,71.044958,86.142868,FAIL*,FAIL (Grade C)*,7.231714,697,103564,m1,1,event-pooled diagnostic,numerical screen only; formal compliance not established
20260817,M1 M0 + FiLM (K=2),SBP,13.264262,0.358314,2.127575,17.506194,27.057665,49.477618,66.078946,FAIL*,FAIL (Grade D)*,12.314095,697,103564,m1,2,event-pooled diagnostic,numerical screen only; formal compliance not established
20260817,M1 M0 + FiLM (K=2),DBP,7.712847,0.340633,0.534450,10.677258,45.115098,72.985787,86.755050,FAIL*,FAIL (Grade C)*,6.786134,697,103564,m1,2,event-pooled diagnostic,numerical screen only; formal compliance not established
20260817,M1 M0 + FiLM (K=3),SBP,12.999537,0.382740,2.129733,17.164484,27.361825,50.254915,66.986598,FAIL*,FAIL (Grade D)*,11.949043,697,103564,m1,3,event-pooled diagnostic,numerical screen only; formal compliance not established
20260817,M1 M0 + FiLM (K=3),DBP,7.557655,0.361429,0.593485,10.503937,46.265111,74.124213,87.250396,FAIL*,FAIL (Grade C)*,6.541233,697,103564,m1,3,event-pooled diagnostic,numerical screen only; formal compliance not established
20260817,M1 M0 + FiLM (K=5),SBP,12.615421,0.413127,1.803979,16.768234,28.399830,51.687845,68.374145,FAIL*,FAIL (Grade D)*,11.386260,697,103564,m1,5,event-pooled diagnostic,numerical screen only; formal compliance not established
20260817,M1 M0 + FiLM (K=5),DBP,7.299926,0.394797,0.484613,10.230658,47.677764,75.359198,88.095284,FAIL*,FAIL (Grade C)*,6.221056,697,103564,m1,5,event-pooled diagnostic,numerical screen only; formal compliance not established
20260817,M2 M1 + reliability weighting (K=1),SBP,13.903653,0.304133,1.013316,18.336455,25.574524,47.321463,64.113978,FAIL*,FAIL (Grade D)*,13.035373,697,103564,m2,1,event-pooled diagnostic,numerical screen only; formal compliance not established
20260817,M2 M1 + reliability weighting (K=1),DBP,8.089744,0.282836,0.504963,11.137894,42.764860,70.665482,85.811672,FAIL*,FAIL (Grade C)*,7.300797,697,103564,m2,1,event-pooled diagnostic,numerical screen only; formal compliance not established
20260817,M2 M1 + reliability weighting (K=2),SBP,13.550260,0.333627,1.675762,17.892726,25.963655,48.361400,65.566220,FAIL*,FAIL (Grade D)*,12.454826,697,103564,m2,2,event-pooled diagnostic,numerical screen only; formal compliance not established
20260817,M2 M1 + reliability weighting (K=2),DBP,7.855693,0.309366,0.805247,10.911494,44.752037,72.334981,86.487583,FAIL*,FAIL (Grade C)*,6.779782,697,103564,m2,2,event-pooled diagnostic,numerical screen only; formal compliance not established
20260817,M2 M1 + reliability weighting (K=3),SBP,13.118930,0.372072,1.491270,17.381078,26.867444,49.582867,66.946043,FAIL*,FAIL (Grade D)*,11.988598,697,103564,m2,3,event-pooled diagnostic,numerical screen only; formal compliance not established
20260817,M2 M1 + reliability weighting (K=3),DBP,7.684985,0.334727,0.774666,10.710423,45.558302,73.446371,87.114248,FAIL*,FAIL (Grade C)*,6.585628,697,103564,m2,3,event-pooled diagnostic,numerical screen only; formal compliance not established
20260817,M2 M1 + reliability weighting (K=5),SBP,12.629934,0.408774,1.432388,16.866712,28.638330,51.680121,68.577884,FAIL*,FAIL (Grade D)*,11.290938,697,103564,m2,5,event-pooled diagnostic,numerical screen only; formal compliance not established
20260817,M2 M1 + reliability weighting (K=5),DBP,7.461113,0.364380,0.685885,10.473921,47.157313,74.531691,87.576764,FAIL*,FAIL (Grade C)*,6.253860,697,103564,m2,5,event-pooled diagnostic,numerical screen only; formal compliance not established
